trainer_id,name,email,phone_num,expertise_area
91849562-a57b-42fa-b8ef-d0d26cc18373,Jessica Thomas,cyork@example.org,785565313,Software
cb340173-b699-4ef0-928d-2a4b5f85e2b1,Teresa Perez,tina24@example.com,9249406498,Management
977bc496-3a08-4727-961c-f53cb921c698,Kevin Simmons,hubbardgeorge@example.com,4025037639,Software
86cbf757-e885-4a57-9985-624a8d7ab14d,James Jones,qbowman@example.org,5291557733,Management
322b9b38-68f9-4c30-9280-492af9430741,Michael Mejia,mgeorge@example.com,3123347231,Software
8dc1c04c-984c-4afb-8b0d-22eed76c4cfc,Thomas Larson,fwatson@example.com,4951602576,HR
dfa0c391-13a8-412f-b093-779b207800b7,Sally Martinez,arnoldcameron@example.net,9516392777,Marketing
3f24c023-5b52-4cf2-ad98-de543e9ac66a,Paula Anderson,roy62@example.net,8869148228,Software
7dc926e9-7c27-4b2b-a5e4-d1bef6e0a309,Patricia Irwin,qoneill@example.org,7709731852,Software
0aae4078-5e97-4f7b-b485-e3967337099b,Jeff Johnson,zimmermanmitchell@example.com,3327256271,Software
8c401f4e-80bd-41f9-bff1-237e73a045c5,Dr. Troy Mercer,jimmybrown@example.net,53042833,HR
5b94419e-94e5-4efb-8f15-4e558456ed81,David Armstrong,rogerskimberly@example.com,2567617264,Marketing
3e719fa9-9cc2-4921-8279-14555381cd27,Donald Morton,steven36@example.net,714587796,Software
008995a3-938e-4f37-b670-aa119a33c322,Julie Cox,yanderson@example.org,9977959630,Software
5eeba9ad-1a56-4d7e-a71b-74e0462dd0fb,Lisa Rodriguez,fholloway@example.org,7183383526,Software
7bbbaab0-3078-403f-88d7-860684e5e963,Christopher Porter,ylee@example.org,4375099969,Management
c23224ec-fb5a-4c4b-97f1-8bc221b29332,Bradley Lopez,perrymaureen@example.org,47061226,Management
0f91b46a-ade7-401f-bd9a-0ce2b3ad0997,Julia Davis,morganjeffrey@example.com,8011738233,Management
a23f3db5-00b7-4e06-8bfa-818fd7244c67,Adam Bradshaw,lindseyedwards@example.com,5829709413,Management
a1462d36-1410-4908-87b1-f2b58b2ba693,Matthew Hamilton,deborah63@example.org,8054775401,HR
a04345d4-75ca-46bf-aaa0-4868ebb9a579,Dennis Hernandez,larry32@example.com,4701860387,Software
695411a5-33c9-4fcc-9e86-6a5dc07d98a5,Jeffrey Lang,mirandaharvey@example.org,2258910665,Software
57aca0bc-d0b6-48bf-bc0c-fe4dd522fc48,Raven Brown,pachecoanthony@example.com,1396207191,Software
87804f3e-1d01-4952-970f-d9e2989f5754,Megan Gonzales,connie34@example.com,2154394141,Marketing
2420875b-c13b-4233-a54a-78051dae069f,Stephanie Bradshaw,john77@example.com,2015841846,Marketing
24a53e03-188c-4191-b573-6b385a639696,Gary Stevens,elizabethschmidt@example.com,6537539439,HR
2c2b67f2-3bff-48f7-b7ce-4cfa582bbb9f,Kathleen Cook,kristen89@example.org,9475205512,Software
1074d10b-d554-43f1-81e5-d4a0137d7ee8,Tracy Vargas,nyoung@example.com,7685683042,Management
eb9deb92-9162-42eb-91e3-bdad03e03458,Mark Flores,khandalton@example.net,2072407943,Marketing
12562707-106c-43f6-875f-2a61090ec06a,Eric Perkins,walkerlaura@example.net,3422365536,Software
5c5f6d04-aa6d-4511-9339-18d984c6efcd,Michael Bauer PhD,patricknewman@example.net,2836211306,HR
79f2c7b3-4255-4e57-bf99-9eb29eac5073,Amber Miller,jermaine08@example.net,2083536181,HR
ab78c611-5077-4ead-971b-8d80d696a45c,Rebecca Boyer,fjohnson@example.net,18135871,Management
defed10d-1df6-47b3-816a-e49ebb743428,Cheryl Rivera,hmiller@example.net,8586968946,Software
818aa709-6ce3-4778-ac97-7a4a1eb36ffd,Hailey Richardson,jenniferthompson@example.com,9289167660,Marketing
63c75f5f-9139-43c6-b1b0-41a2bcd56676,Tanya Green,amanda76@example.net,1185241545,Marketing
72d6e7de-946a-4da9-9748-0ae66e5fc5e2,Ronald Hester,nguyenjohn@example.net,5723491169,Software
bad8d375-2e28-4fe3-bcd1-470d5306012d,Dana Coleman,joseph93@example.net,3316241104,HR
4e5ab895-a873-484a-b077-817959912d3b,Paul Gonzalez,newmankevin@example.org,4402494419,HR
7ba4de28-0d0d-49ec-b503-9c4c03563077,Christopher Miller,shaun36@example.com,6770096339,Software
7b89dd75-3e04-490b-bbec-bfc35ecbf37c,Joseph Dyer,leaharias@example.net,7117584111,Marketing
57e93f38-8827-4b65-a76c-0c48a8c6497d,Nicole Lang,taylor45@example.org,5654414673,Software
d62312c6-1320-4ca1-9b2e-c3a6d55a7882,Angela Woods,leefrank@example.org,6321501865,HR
9ab99316-26d7-470b-9a45-871e35d1d0b7,Leonard Berry,cross@example.net,5585534608,Marketing
17179bf7-d140-4186-97fe-9ee8db384dfa,Jake Brown,kevinwalton@example.com,1871215011,HR
14a0afcf-27b7-4175-bfc2-175638339c54,Carrie Frye,englishamy@example.net,4793535612,Marketing
615d84b1-29ed-4ea2-9a30-239c04c3010d,Jenna Barnett,lwilson@example.com,5466686237,HR
08de5fb7-6bdc-45d7-b1e9-1d2e344080e1,John Moss,ebrewer@example.com,8045414641,Marketing
db633ad9-c530-4a16-9c24-afa3475abe3b,Elizabeth Wang,scottchapman@example.net,7232416244,HR
588a1966-d8a0-4194-b55d-a5116adaf480,Daniel Johnson,xlang@example.org,998532947,Marketing
d9c57607-0b3c-40f4-9362-3f8300d25289,Sean Smith,rboyd@example.net,5665325143,HR
105667d0-d5f7-42a9-b23a-dcbb854ce138,Alyssa Estes,victoria05@example.org,8057853443,Software
5e69d057-2ae2-4616-946d-0a84da55bb60,James Holmes,erikmccall@example.org,7868289967,Software
8c44de51-69eb-4f0b-99a5-32ed4bc2728e,Colleen Wagner,brettchen@example.net,2250162404,Software
f643e2de-7098-4676-a8a8-17fde3698dc2,Nathaniel Mullins,jonathon57@example.org,3070443604,Management
2151d718-c2bf-4f30-9e46-fcdc01f0f065,Kayla Hensley,riosdouglas@example.org,3230111992,Marketing
44fbacf8-2a5c-4fcf-89b8-bb7853156a44,Melanie Cole,brandi46@example.net,9858302849,HR
25295c5e-a8fd-4842-bc35-eb5a588d24ff,Evelyn Mitchell,natasha03@example.net,4230351486,Management
e8ee987a-c4e2-40f2-9258-ba8ef2d7a90d,Lauren Collins,bennettluke@example.org,6646116204,Management
addbf962-8ae6-4e3a-ae65-5d65f5cfc747,Cassandra Brock,munozlinda@example.com,6347966830,Software
616b8066-729a-413b-a424-e9d0c03da457,Micheal Mclaughlin,justin39@example.org,3149298177,Marketing
604963ee-c028-4018-b9e8-b2d792d73d57,Jose Wood,bakerjulia@example.org,4629031806,Marketing
ae1b7c89-c78f-48b8-80cc-c5daedcf7349,Robin Harrison,bethany73@example.com,823755287,Management
86efcf24-cb02-4878-8c70-ea8f482f9228,Robert Holland,darryl87@example.com,3853175531,Management
9209851a-dcee-41d5-8dd4-4cc9647e48a2,Christine Williams,kmcgee@example.com,425850715,Software
b9f44a44-20dd-4c46-8382-4a700f56caa8,Ashley Edwards,radams@example.org,1420866405,Marketing
9d725d37-a45e-4b2f-b660-6052ade04559,Sherri Gonzalez,douglasgray@example.net,8609914386,Marketing
692a57d9-6e9c-46f6-9fab-bc075b214a99,Jeff Phillips,wiserandy@example.net,4277703397,Management
1f442abd-808d-41cf-b3f0-2ee28f8c70a7,Jeanne Solis,devin54@example.org,5214932006,Software
5fc42cc9-7651-4dd7-ae35-4a0893b78274,Kirsten Davis,mcrawford@example.com,9036275107,Marketing
4aeff160-6e5e-4481-83b8-271f6a4c231e,Elizabeth Harrell,bbrandt@example.net,3536829858,Marketing
ed5fb46f-7bf1-4ae3-9b46-e1a318c35779,Logan Dickerson,javier35@example.net,485280960,Management
8286cbb9-b4b9-4432-9bf3-490f0aa16f37,Jeffery Bell,adam64@example.org,5028784941,HR
d0c65786-b651-42b3-a9ea-3b913c990cd3,Jamie Fisher,heather35@example.net,2725775430,Software
499530a1-2c3a-4665-b90a-0d8dbf4124ab,Jimmy Camacho,sanchezamy@example.org,8248070363,Software
7369b181-6e09-4572-985b-e9eee1d70486,Sharon Andersen,katherinecastro@example.com,6869047204,HR
383ca1ff-ff6b-401e-ac74-58df0ee4d9f9,Jacob Campbell,enovak@example.com,8787612590,Software
3e89a5b0-01f8-4d1b-b104-304edff1a246,Joseph Wall,mcdowellbrent@example.org,5602631445,Software
300e62f5-b526-49aa-823d-dc0a6ff4b3ff,Mary Chambers,finleynathan@example.net,2797214116,HR
481876e8-2005-406c-946f-4081a5fee7c5,Aaron Flores,cindygreen@example.net,2248732729,Marketing
c304f44c-eacc-43aa-9086-e17125e06835,Kim Solis,drodriguez@example.com,6723356686,Management
31e8abf3-b7ed-40cb-9f10-ed373c7c21b8,Lindsay Kelly,youngdaniel@example.net,3850683596,Marketing
0662fb67-c224-4651-ba42-da21cdf52a3d,Samantha Anthony,pgreen@example.net,3073588093,Software
e6d85974-d2cc-4fa7-a166-7324f0ad061f,Jennifer Jones,johnsonandrea@example.net,4175599543,Marketing
62f94604-ea02-4033-a70c-925b1a0e94e6,Tonya Casey,brittanydunn@example.com,3505210785,HR
da994f83-6500-4a63-ac0c-31433fce4102,Mason Hodge,vhorton@example.com,9887348564,Marketing
61006b8f-863b-41ba-94f1-ec7805fc9d51,James Reeves,ryan21@example.com,9680911955,Software
96c4d496-2025-45e9-8b03-f406cffb5535,Joanna Brandt,ljones@example.net,6968478357,Software
af3a2049-997e-4255-a40f-d4804ecfc370,Tony Cobb,hannahnichols@example.com,6054459782,HR
49647a8d-b184-481d-9438-41fae8dd3c74,Jonathan Murphy,eric72@example.com,9279185960,Marketing
9c85b194-7eda-477e-8af5-3f5893bcca15,Chad Donovan,waterseric@example.net,6556380161,Management
e44c47bc-f32f-4ff3-821f-89f330701caa,Eddie Jones,william15@example.net,5440865057,Software
979cf553-fd8c-4d8a-9464-d66f661c6492,James Robles,murrayelizabeth@example.net,7591045814,Management
4b99c3a9-1e60-4b10-8ab8-587595a0d469,Jennifer Fisher,gnorman@example.net,3479163887,Management
6579ede9-2eb3-4e5e-9ce2-aec570df6d2c,Kevin Carter,brian94@example.net,2330370503,Software
103c2a6a-c376-4c64-9550-e55e28d25fa8,Angela Snyder,oanderson@example.org,4126887361,Management
c507b4f1-d82b-48d5-b547-8caf099d3c16,Dr. Kevin Miller,scott22@example.net,834294857,Software
e3548518-6f0d-4a32-9759-c13cecc8c01d,Eddie Baker,hallnicole@example.net,1209893872,HR
776d2643-8328-4e03-b63e-8781b83ab26e,Randy Wilkins,leestephen@example.com,5706999127,HR
9706caf9-75cb-4bd0-a6eb-35bd0a0754f0,Preston Blevins,cassandracarter@example.com,6716531348,HR
13357ce4-d431-46b9-982a-539e80916fe0,Kathy Brown,michael03@example.org,692420813,Management
522e1d36-d992-443b-bc32-3f5534a28279,William Myers,yvetteking@example.com,7804994560,Marketing
edf55ab7-4af2-4270-a70f-158f371cdfa3,Mary Mullins,theresa53@example.com,8643490980,Management
22a144bf-2522-4189-af68-01a66047cc0c,Daisy Barrett,millermichael@example.org,4366432799,Management
2039dca7-1e1d-49a5-adae-1efb81c0cbe0,Kimberly Gamble,tammy09@example.org,3306410562,Management
194daa26-83fc-4923-97ee-9148c93ef021,Vicki Butler,lisalewis@example.com,9003625925,Software
85cec9a7-c24b-4555-8540-109b5c825d82,Brian Garcia,davisethan@example.net,422850862,Software
48d66436-af34-41cc-ad24-dd8f297b8092,Samantha Bailey,qroberts@example.net,5969650951,HR
34172351-7e99-4ca6-bacf-2f77d47cbcb5,Richard Daniels,cameronnewton@example.net,6328400962,Marketing
c443a242-b8ba-4738-9e34-02e4f82ef99b,Jennifer Simon,steventaylor@example.org,1415450927,Management
c9350ed6-3ccb-47b1-b2f4-80f8d0f8fffd,Hunter Ward,jessicaoneill@example.org,5305872402,Software
bafe5ae8-b671-4319-9be4-357477c79f0a,John Bell,bradfordthomas@example.net,1766908455,Software
3b1e752a-0e48-4a43-8032-7b8709e3d8b9,Kevin Park,andre50@example.net,9707537405,Software
460cc470-127f-4eed-bddf-f7b1ce28b511,Dustin Smith,kabbott@example.org,6364305247,HR
186f281f-b31c-4b54-bd35-fa7d651aa25e,Alexander Jensen,amber61@example.com,7752622730,HR
d257e687-879d-4044-b416-2962b50b74e8,Jonathan Jackson,yanderson@example.org,6189843165,Management
fef08b42-067d-4988-b9b8-532d2bc4a680,Eric Rodriguez,david81@example.net,7340270807,Software
c225ff87-36c0-4f83-b0ca-31d3e159ba64,Derek Barnes,joseph55@example.org,9757191584,Software
2478e8f7-b40b-4b3e-8cfe-b9d4e02fd3df,Mitchell Hernandez,pbecker@example.net,1067271347,Marketing
4799e3c6-352e-4287-b56a-9172e2d0e3f6,Catherine Rodriguez,antonio97@example.com,5764117180,Management
fec9da40-f936-4792-bccf-83646a9ac68a,David Lee DVM,ohall@example.org,3596586192,HR
4e5fe610-5c5a-4731-ab4d-af1994972be1,Dennis Garrett,ricechristopher@example.net,4289918683,Management
a142d2a9-5989-4c60-a9c0-3450db3042f3,Amanda Hebert,xshelton@example.com,8364485157,Marketing
3d73610e-c26c-4f4f-a1d1-5791e89a689c,Steven Jordan,victor43@example.com,3869770957,Management
b3c9c1f8-d76b-4e6c-93a1-420e9d520e6d,Frank Schwartz,richardbright@example.net,1336314162,HR
f7d72383-b3a0-4a9c-95c9-70756a386647,Jordan Wilson,carltucker@example.org,5670739114,HR
06e0410a-46ed-44b8-a2d0-e7a5d597f517,Stephanie Gordon,anthonycole@example.org,8725958502,Software
4aaaa3d3-ef05-4151-b806-b0560c05f29c,Linda Williams,dawnlee@example.net,9523494740,Software
1e3ef9c7-b7d7-4bd7-b2f3-6da00de23592,Heidi Barajas,baguirre@example.net,4600442825,Marketing
f8840421-7491-4ea0-afae-844b411df311,Sandra Deleon,baldwinjennifer@example.net,4443045373,Marketing
115202a0-aee3-4761-ae96-9b74657814bf,Megan Beltran,kim55@example.org,9463954967,Marketing
fc7255ee-0527-4076-a890-27f71dc10f46,Mary Stanley,ajensen@example.com,8227597094,Management
ec521b82-97ae-4fc0-9e1e-cf1c0f8b3b98,Willie Gates,martinrobin@example.net,7118221119,Marketing
9a18548d-86db-44df-8740-e98279758712,Jon Hays,jjones@example.net,8991308331,HR
552521c1-e469-41a1-9d10-cb30d7a15e62,Mitchell Hernandez,kathrynhall@example.net,9559618923,Marketing
97a40f48-0a94-4338-974d-b7a39db1de07,Katie Harrison,steven71@example.net,1697573490,Management
59691bfb-9170-42a2-8d81-659af282f430,Elizabeth Bell,angelrichardson@example.com,7966933407,HR
7544d77d-9977-41af-97df-9a078ac588de,Heather York,jacobwaters@example.net,5454935731,Management
bdfbed20-b0eb-4b68-8d36-b9327c00acee,Christian Johnson,sheliaallen@example.com,2769559802,Management
bda376a9-67ce-45c2-a5e1-b57d936bffc8,Kyle Davis,ophillips@example.net,6118766470,Marketing
090fcb42-b902-4e8a-9872-812d8b62e55e,Christina Perez,sheryljohnson@example.com,7612770768,Software
4607af76-ad4c-41b5-b072-1421ce166de1,Michael Arnold,ramosluis@example.org,50100417,Software
fd03a4fd-3a69-404e-b96d-8f0ab45be90d,Stephen Lawson,ymiller@example.org,9835676293,Marketing
b5fa9844-5be0-4381-8a73-b7916039a031,Kim Turner,kanderson@example.net,2941646305,Software
e341fafa-8562-4c6a-80b3-ec2ef0fcb169,Kristina Gordon,donalddiaz@example.net,5064161818,Marketing
68a2c1fe-0693-4257-8c71-c28d7a4e4e1a,Mr. Kurt Medina DDS,scott43@example.com,7865580958,HR
a5fe9273-9977-4355-a2da-b42bffad68e9,Thomas Pena,reidpeter@example.net,9213601690,Marketing
4743f96b-ca87-430c-88e1-22b77b5c581a,Amanda Wright,cuevasmegan@example.org,6710201211,Marketing
80b23609-0a64-4e6f-b380-20518ed7e547,Robert Chavez,patricia97@example.net,805389155,Software
577d442b-f826-4047-8f66-233e44082ff9,Dana Morgan,melissabarrett@example.com,4365711419,Software
7c9f8232-b7aa-4e5d-a9fb-618badd27db3,Michael Randolph,natashasimmons@example.com,7022458322,Management
cc7e09e7-8769-4a27-9f04-77c84b208524,Mr. Joe Frank DVM,xtorres@example.net,9780461412,HR
bad9272d-2a06-4cd5-ac82-73838e2de7c0,Jonathan Vasquez,awang@example.com,7395115024,Software
d3959594-85d2-4fbd-a651-283a6f20eee9,Lisa Sharp,jeffrey29@example.com,4266572781,Marketing
231d58dd-8758-42ad-b3d2-35b50d05e1ee,Jennifer Hanson,vbutler@example.net,8257342032,HR
b411e446-9ac7-47a7-96b4-8ed6904380a6,Chelsea Barnes,davidgill@example.net,393761658,Software
76363320-a856-4d45-af7a-735943f2657c,Shelby Hernandez DDS,hughesderrick@example.net,6175326657,HR
48b7d69e-ae47-47a3-ae69-17a443aece92,Christine Strong,jerry22@example.net,7645681484,Software
a7a41f8f-c4d0-43d4-825a-fc46dfddef85,Ryan Mcpherson,gonzaleslaura@example.org,8582288796,Marketing
cd3b0fdc-f45c-4884-8887-84bf3968dac6,Jennifer Mueller,mmoss@example.net,7300977285,HR
352a9355-c0b4-455c-bdc1-265f00669675,William Hayes,millerdustin@example.net,5650523385,HR
31e7cde4-fd3b-475e-b125-f6ee0b3563e1,Jeanne Medina,david86@example.org,3805410170,Marketing
c3505d20-95ce-4873-9707-62b8fc7ad936,Charles Taylor,hallgary@example.org,6139205903,Management
05de0903-f846-4172-8ad9-274ab022a4bb,Justin Andrews,brownscott@example.net,1155919451,Management
e30a46c7-1fd8-4453-b9cd-bd1c2b9c4020,Michael Hernandez II,bmoore@example.org,5341407100,Marketing
c2c9f024-c9ba-4f94-be32-62236925cae2,Diana Peterson,pereztracy@example.com,827665145,HR
a71224b5-0e60-49d8-8443-e641fa4f9bba,Hannah Williams,connie55@example.org,8228578448,Management
1087f90d-9aaa-4bea-953e-e915dc98da44,Russell Escobar,jessica25@example.net,1914375770,Software
a3c05370-301c-498f-9398-b578c052a3f1,Jacob Park,charles90@example.net,4252602209,Software
d0e4d93d-1b48-4f8f-8777-d5dc9e83f0a1,Joy Murphy,kim56@example.net,1917349549,Software
07fa7221-b7ea-4427-8052-cb16a1dddbd7,Eugene Scott,woodmatthew@example.com,4615707832,Software
919379d5-fb63-4745-938f-591b31e89661,Kristopher Flores,ahall@example.net,7417117025,Marketing
47163631-2c0e-4adf-ae06-5ada68934e2b,Mrs. Angela Lewis,brandihoffman@example.org,5357175843,Marketing
f80705e9-2083-42cd-ab04-f77c154afc48,Tammy Morris,bschmidt@example.net,2225617005,HR
c4211670-0f29-4c40-85d2-5206f3214f67,Dawn Montgomery MD,jeffrey10@example.net,5069660119,Management
38e8ac6c-1114-4ad2-b1f7-2440609e33ea,Tamara Kerr,ncrawford@example.com,5484639158,Management
75d52704-b45c-4d18-ab64-e520dbd7b662,Andrew Long,jason21@example.net,5137614564,Management
744d922a-8bf0-4a36-9034-76bfd44e3e44,Garrett Walker,victorrichardson@example.com,979501006,Software
6369be51-9289-423b-be18-7206d9bf8022,Paul Lowery,imorgan@example.org,222702835,Marketing
eef7d0a7-1585-4aaa-8024-1c91d40c9093,Barbara Miller,rachael71@example.com,2636839691,HR
9ea0df33-6673-446d-aded-0173dd629196,Richard Peters,patricia58@example.com,8663155444,Software
3145913b-ba48-4d56-ba8a-7ea4a9d49a02,Anna Gutierrez,curtis46@example.net,8909960834,Management
71bf74fe-58b6-43a9-9d20-cd6b6c018b1a,Troy Cole,walkervincent@example.org,1129265952,Marketing
2a8798c0-2d13-430d-8bb0-9c8693ca1a26,Jennifer Harris,snyderandrew@example.com,4993665956,Marketing
b1f8bf10-77a1-4d8f-8f15-ac0f692ccb93,Laurie Hernandez,omurphy@example.com,6585808399,Marketing
0c2382bc-dff4-4ab1-a431-5ff4735b6637,David Walker DVM,cmarks@example.net,6675693473,Software
21c1e752-a568-4800-bb12-eaaa681e4848,Emily Johnson,amanda54@example.net,7293085205,HR
6b92fb3b-d5c7-49f6-a0bd-53d7014fa48f,Diamond Werner,mchambers@example.org,4949267670,Software
3ac8ce41-ffdb-4a5a-82b6-a0d6527083ec,Katherine Young,garciarobert@example.com,1536609101,Management
bfa81777-1330-4c58-8f8c-81887a52e8b4,Jeffrey Molina,scottjustin@example.org,7471314073,Marketing
313e30e5-76c7-4e3b-9def-07b9185120d8,Jeanne Blair,kfletcher@example.com,4696487698,Management
5cee2d5a-e708-4bfa-9e1d-ae6f51f124c9,Cody Jimenez,vlynn@example.com,162859540,Management
22e4ebb4-b260-4f47-b429-06f90af4f635,James Gray,wjohnson@example.net,6058488803,Marketing
1ecee267-0381-480d-a507-068d158c5b6d,Christopher Campbell,zacharyramsey@example.org,3733948828,Management
911fee1b-ef37-43e2-b692-2aef893836c4,Matthew Hill,melissaandrade@example.net,4468887697,HR
e25b77ba-cfc7-4059-b9a0-daeaf9630ca3,Pamela Shea,deborahhamilton@example.com,116048477,HR
e1d7e30e-d9f5-4705-874b-caf9684073ae,Tiffany Gonzales,daniel84@example.net,7638887861,HR
4ec34ccc-d7c0-49f0-a9f9-ded30cc90547,Tasha Barnes,kfranco@example.org,1377098666,Software
1b0ddbb2-c9da-48d3-bab3-b461819f5eaa,Kelly Robertson,bradley67@example.org,9398513295,HR
43570b0b-edeb-4427-ac19-a49ff9d594cd,Carrie Smith,alawrence@example.org,4256227796,Software
34cdcdd8-7bcb-47d3-a372-3b96b4ecc177,Jeremy Thomas,jonathan20@example.org,7679302618,Management
d1e9e453-6a9c-4a13-a242-1067a780d9bc,Brittany Rodriguez,ronald99@example.org,6167674594,Software
d4df07c8-1bce-4f00-bd6c-3aaeada219d1,Katherine Mathews,carlarichard@example.net,8732219724,Software
965e400a-13ca-4779-aed9-6ce6421dc9c2,Donald Collins,susanmahoney@example.org,3107935456,Software
77a0e1ef-52f3-4949-981c-d14ebd478a93,Karla Miller,nicholas27@example.org,152656511,HR
ccfb3cee-1ca3-4e2c-af08-30a9d71644ba,Darren Russo,smithheather@example.net,1892907970,Management
5cc868e3-f3e7-4be8-b8aa-95fd2582cd8f,Michael Campbell,stephaniefowler@example.org,3567032121,HR
b564e93c-f104-4b1d-85cb-e05dd579a3b7,Ashley Guzman,travis70@example.org,9079286071,Marketing
6f79f5c4-8aa2-4e75-9f1f-cae7baef3716,Shawna Davis,lance90@example.net,3280289782,Marketing
58fa0d16-57f0-4f14-8f47-2c500845c22e,Douglas Foley,valeriebradshaw@example.net,6468122686,Marketing
fc3f6d2b-1cde-48f0-bb0b-a74c9ed60216,Bruce Huff,watsonangelica@example.org,3723101102,HR
e2124404-7239-4d65-b702-6fa4719873e2,Jose Johnson,walshstephen@example.org,9118893564,Management
9765ecee-72c8-42fd-931a-10ef1db501d2,Nicole Gill,jessica40@example.net,6364976379,Software
1bb578b4-1454-4e5f-9d14-51adf0dcbd13,Thomas Brown DDS,dyerheather@example.net,7067796546,Software
07fd7ed9-2294-4503-b274-ca28095d4bde,Patricia Manning,baileylauren@example.net,4291110430,Software
5a771389-9361-4e97-b796-cf69a385f0a5,Clayton Little,eanderson@example.net,9316719554,HR
2571a1f2-4bdb-48ec-890c-89b2f1ec81e4,Daniel Mcdaniel,martineznancy@example.org,6060088182,Marketing
9e655492-d430-4a0f-b062-447c296cd4df,Eric Sanchez,fisherhannah@example.net,1761051573,Software
3fede36f-bcb2-43bd-8835-c5c58abaa392,Kathryn Kaiser,zanderson@example.org,3887729062,Marketing
c17d3d92-cdea-46d3-a060-2da3533117d4,Karen Burns,heatherstanley@example.com,8552614719,Marketing
4807c7e0-2261-41d5-abd9-a7fc6e7132a4,Christopher Robbins,emily93@example.net,9293508641,Marketing
d257dbcf-9668-4285-96c1-5adf1600134d,Carolyn Freeman,eric62@example.net,7730556730,Software
25052e66-c635-4c54-867e-6c093f53b0ce,Randy Pierce,brookewoods@example.com,5569854615,Software
4c5f2eac-8956-409a-80cb-2696c7f5955b,Alexander Medina,hornchristopher@example.com,2970241594,HR
5ebbcb7c-a9a8-4b49-b9ac-808971aa739d,Reginald Austin,baldwinderek@example.com,5667520569,Marketing
575f7488-2c18-4782-956d-33c4fecb4dbf,Brian Richmond,nicole70@example.net,994483977,Software
66334794-b8ef-4fca-a5f5-27a69b5f4bd3,Paul Valentine,maria59@example.org,1713898187,HR
288e139f-6a1b-4394-9ed9-83b7b5be7304,Christopher Baker,kaylakennedy@example.org,5293774072,HR
581ed200-0e28-461d-b514-e95363aae9dc,Christopher Rocha,clarencemacdonald@example.org,1008909984,HR
f7c9d2b3-bf82-4554-9180-6d82f6e7ee58,Henry Smith,iharvey@example.org,4455937708,Management
ab796a63-5a24-4bdb-91f2-16a214f6a829,George Davis,vhenderson@example.org,7315818874,Marketing
970b6af9-40eb-43d0-a0c7-a7964a015e24,Matthew Miller,dfields@example.org,1270520575,Management
aac263de-e49f-4bce-ba2e-47b4e8ea2e4c,Joshua Stone,ericathomas@example.org,434456186,HR
0415bd9c-be6e-443f-9f85-08c8b12cd3aa,Laura Schroeder,vincent34@example.com,3509156732,Marketing
1114f9b3-9e82-4ba0-bde0-39c4829d3bb0,Gabrielle Lopez,ericajackson@example.net,127824008,HR
eff12a74-bbbd-48fe-9cbe-77b60f46b9d4,Jenna Allen,eallison@example.net,8039472906,HR
f6e20fec-937c-4477-946b-330ca6c5770e,Yvonne Sherman,careypeter@example.net,5309996648,HR
7c8ccba9-aba2-494c-a7f5-8650db318a7c,John Wright,stephanieperez@example.com,808011346,Marketing
a46f951b-cd09-4e10-bfd6-a433ccec0cce,Mark Dennis,cclark@example.net,2567426536,Software
3193d287-ad5d-4286-a148-036be16a3267,Bradley Fox,oharris@example.net,2972632663,HR
438e49b7-f5b5-4187-965e-d6d7a04340b9,Clayton Carlson,qshea@example.org,1864177610,Marketing
e4f3d67e-07d1-412a-9971-7d67dd3155b7,Holly Garcia,nnorris@example.com,3828693803,Marketing
600fbb2a-d29a-4876-b244-50fb322671cb,Abigail Casey,rachelfaulkner@example.org,5647978194,HR
e0f93b11-0303-4d51-8ea3-81345a97d756,Stephanie Gardner,kmckinney@example.net,2195319880,Software
63bfba5a-d8f4-4ffd-a995-d722b3936d83,Ashley Chapman,greeneashley@example.com,7689608335,Software
72a65ce1-0c41-4341-a625-f0fb7b640bb9,Brandon Scott,joshuagardner@example.com,8906119792,Management
d51127e4-4683-46bd-971c-c92e054124a1,Mary Robinson,sandraberry@example.net,3818988730,Marketing
f45bdbab-e5cb-4a4d-99a5-99200a7bcadb,Alyssa Reyes,samantha54@example.org,8506192133,HR
0e459651-9a90-47a1-8db7-41234d0c39ea,Sharon Martinez,david56@example.com,116200329,HR
7b30445d-c853-4eac-8ad9-fce0cd022740,Wanda Kennedy,zharris@example.org,9948962533,Software
1da38174-d6d7-48ca-83d0-7121d629e620,Dave Flowers,anna13@example.net,1472143833,HR
0fe28831-1ed8-452d-b06c-eebb34fe3a7d,Margaret Elliott,yarmstrong@example.org,8297036320,Marketing
22a6a344-1a59-4183-9223-3bc91afe2e82,Jeffrey Simon,rfrank@example.org,1562682176,Management
0f61c93f-7d0e-48fb-bbfb-d4d4db7bf8fd,Carol Gutierrez,nhanson@example.org,2049792829,HR
8df67ceb-8783-4fa0-9bde-360fa0c59c9b,Rachel Spencer,kelly83@example.org,7579813402,Marketing
9c4aa1b5-ae6f-488c-abca-ecc845aeb98e,Preston Cobb,donna61@example.org,5850799962,Marketing
19c5c2e1-81a8-468d-a581-d3f967009ff7,Steven Parks,crystalrivera@example.org,7296659037,Software
1846db47-5378-4963-aec1-60546a54ac9c,Nicole Roberts,kyle25@example.com,1005530198,Management
ca5820d8-e33b-44f1-8f10-945246b8b62f,Colleen Soto,iharris@example.org,7811095639,Management
9f35c7f3-95b2-48c1-88dc-864304680828,Mr. Mitchell Cruz,bgonzalez@example.org,8658483843,HR
841842ea-689d-4662-83a7-46e25b56d33f,Dr. Shawn Pope,achen@example.com,7594351653,HR
b6475c7f-9723-4af0-8f86-aebd0deabfba,Katherine Owen,dianelucero@example.com,7401084799,Management
44a0da3b-3890-4d46-b42e-78e83355036c,Melissa Good,meyermelissa@example.com,9725710299,Management
4276b5d3-f860-4910-a5f8-31b6a26aef67,Andrew Lewis,xbennett@example.org,2169062116,Management
b73e122d-c39c-45c4-b511-352bd6f18988,William Brewer,johnsonvalerie@example.com,6156757557,Software
405a83b0-55f1-4ac2-ae15-95fb90fde5b6,Joan Martinez,mejiacolleen@example.com,9560170393,Marketing
d495bca0-43a1-4870-9f09-2aa2304342da,Kristi West,jillianbaker@example.net,7577454513,Management
1052e68b-36f3-46e0-9b72-aea13494fb16,Nicholas Lang,oharper@example.com,8951948445,HR
1fc6ce09-e657-4b0a-ab6f-902129ff9a07,Ashley Andrade,scottsullivan@example.org,3189253502,Marketing
053d4523-a2dc-4dad-a881-de33614d5085,Sheri Parrish,jasonwhite@example.org,2631212288,Marketing
85ac218d-78ff-43c9-af18-3438a9796f7e,Michael Vargas,ofuentes@example.net,424735535,Software
4af0dee5-2a0e-41b5-b3f4-fc4278b3024a,Brad Jones,mooreanthony@example.org,3265946336,Software
d771ae3c-7dd5-4616-8efa-33d92ec21a8c,Zachary Gardner,scarter@example.com,2570130982,Management
d320fbe0-c151-4f22-af90-8c6618166f8a,Timothy Macdonald,davidpadilla@example.com,6802812680,HR
4ac3a0b2-661c-44a3-b7e7-a5cfdcc82888,David Taylor,stokesjennifer@example.org,4485527394,HR
38bcff34-e68a-4ecd-9320-d05426f2a9c9,Steven Gonzales,hughescaleb@example.com,6608262699,HR
f7038303-f9b4-4f11-bc5e-78be1dfcc88c,Sheila Ramos,beltranjenna@example.org,6882510888,Software
984da9c3-4986-4f2a-a3a6-df80f380b7e6,Michael Tyler,catherinesantos@example.org,4005733050,HR
ca65ed70-5271-4e65-9088-5f2656109bea,Lisa Schaefer,blawrence@example.net,6073521987,Marketing
0bd64a40-7e52-4367-aca1-fd4c51236c89,Nichole Jones,mwells@example.org,7926784985,Software
4231f9fa-55eb-4e46-b173-267ebf32b99a,Andrew West,james35@example.net,1576622235,Software
1638bfac-82c7-4448-a858-78213869a52b,Tracy Hayes,daniel50@example.com,8988074993,Management
a41ec64c-2d36-42a4-bd96-8e0adf6e0b00,Dwayne Blankenship,shawkelly@example.org,9154313396,Marketing
491f93be-27c4-4f49-8d22-779fa00d0e34,Gabriel Cowan,bsoto@example.org,606378097,Marketing
c597d017-b9bd-4350-8f23-fcab93c687ff,Paul Jones,richardsonkevin@example.net,2513720807,HR
141e6420-a0a2-4bf6-bd7c-6268208a915b,Lisa Harris,joshua32@example.net,490141547,Management
d8f3574b-4cb7-4bad-9434-8ebb88c5b158,Kyle Pitts IV,valerie86@example.com,815061308,Management
9df88cab-4e03-450c-8ba3-961ec3e371fb,Kristie Simpson,charleschapman@example.com,2283374289,HR
06623e8b-80dc-43e9-a0ff-71dbe106f831,Dawn Bridges,katherinejohnson@example.org,4567188399,HR
37eee92d-11ea-4885-923b-8e4db8925eb0,Gary Black,robinhenderson@example.org,9687885928,HR
c7b5df96-6888-4c6e-9239-940e4e2dcba4,William Lester,smithryan@example.com,5687470348,HR
91922a86-f07e-4d55-bd14-82e79d6bfbe6,Maria Palmer,qgarcia@example.org,262859473,HR
37c49fd5-172a-4f06-a7bc-b887ff6dbf6b,Stacy Oliver,kwilliams@example.org,6775217253,Software
2d00135b-2816-44de-a471-ffd2f60b10bf,Garrett Ball,laura75@example.com,4789643945,Marketing
01f3b8ff-81a9-4e4c-9a60-4341749f33e1,Lori Shaw,lloyddouglas@example.org,8380589686,Marketing
407c3da8-ab79-4bd1-9863-49861799d3d8,Jamie Orr,montesstephen@example.net,9020890370,HR
39caa95d-ed03-4aa2-9627-faffd61d1c6c,Casey Green,zwalker@example.com,5342962314,Management
314c9131-5a4b-4fd9-8ee7-fc942b3ca2ed,William Kelly,zromero@example.net,5066651353,Management
614d8638-538e-4155-aaed-425c2d650a97,Kelli Oneal,fryejeffery@example.net,5119235286,Software
64df0a0f-8cde-4d2a-b4c2-defcd995b27b,Joshua Sexton,lesliebell@example.org,1608377766,Management
745866d0-b474-49a7-8355-f0d7f04cea23,Jeffrey Stevens,stevensonjacqueline@example.com,1430940225,HR
6a535446-1602-4b0c-9895-f5d54775420e,Cheryl Mata,elizabeth30@example.com,4160258321,HR
4a7d39b8-b9c4-4423-996c-d11808dcfb19,James Dennis,keith19@example.org,6932412863,HR
7c3a99a0-0b5c-448b-a3ba-a7274c7f7c68,Nicholas Morris,ydunn@example.org,7153551292,Marketing
9d4b0a3d-56af-4005-8548-bb42dd0eeeb9,Charles Watts,jameswhitney@example.net,6757061,Management
4a34b151-979e-4bbe-9540-bc383d3714c7,Tony Santiago,hochoa@example.org,4297249716,Management
0d30458f-c061-42e5-8ad5-56f49ef22eb9,Jose Bates,johnbrown@example.com,3264422662,Software
f43ecc71-d85c-44e7-a780-28e3b4c8fe8b,Douglas Mcdowell,ray82@example.com,784713469,Marketing
523cecf8-41ba-4e63-b0ac-75b7d9571f85,Joel Miles,mark37@example.com,4295745523,Software
d036749b-c3dc-4ddc-9baf-09a7042ddc1d,Heather Haynes,christina20@example.org,238464834,Marketing
e0266cfd-3242-416f-b09a-5bf50f72fa6b,James Carlson,pyoung@example.com,2468408567,Software
f5b07a54-339a-4f76-93c4-ff5f8e2435c4,Mary Vincent,rmiller@example.org,959425222,Marketing
ec6d43e3-7a3f-4378-9187-ff921e23a9e5,Caleb Martinez,clineeric@example.com,8761309191,HR
25f678cc-d7a0-4f68-9108-b62e670fc452,Sean Johnson,davidlin@example.net,4801218026,Software
f50bdc8d-9e86-4c18-84ef-e3b3f3beaa21,Denise Hanson,scottbarbara@example.org,1201693953,Marketing
78a1e3f1-54b8-4e40-b695-e19fd91adea1,Kyle Nichols,kevin48@example.org,3709531454,Management
ce17a0be-5c30-470b-b540-107c97d40416,Stephanie Cherry MD,mcphersonjamie@example.net,4206829374,HR
d698e6a9-a552-47f0-81d5-a463fa5001b3,Jacqueline Jones,jamescurtis@example.net,2783262396,Software
85ead5f6-711a-4d9b-bd57-11bdb4321162,Deanna Henson,lesliemercer@example.org,4589474658,Management
f49997d6-022b-4559-aed0-8d87bb4aa423,Marissa Lewis,rodriguezholly@example.com,2128485739,HR
e1ab61e1-94cf-4e22-afd7-75cebe070b28,Tracey Campbell,nicolejones@example.net,8190985659,Management
177f18b7-ed44-4dfc-8d2e-a0ed04fac6f6,Scott Sims,barrpeter@example.net,367703970,Software
fb9c4b95-b8a1-425a-bc03-19514e5baae6,Sarah Mercer,allenbarbara@example.org,8820681839,Management
8607f11b-caec-4db2-8810-fc7d6397c46a,Jack Myers,kevin81@example.org,5875260542,Management
837aaa88-7b67-4827-9f4e-81009b07e579,Andrew Ortiz,ashleypennington@example.com,7280295661,Management
7dad7a3b-b95f-4f76-92ce-971095b752f5,Jeanne Scott,meredithjohnson@example.com,6957489194,Software
8875f36d-69ad-41ac-a839-bb32a099bf51,Michael Taylor,simonmichael@example.org,4498303550,Marketing
b41ccead-a512-4372-9695-b53eb08311ff,Ryan Hughes,nicholassmith@example.net,5052752925,Management
df481149-3de5-4ab0-81ac-c56bad51ec4d,Jessica Wheeler,mary77@example.com,427549148,HR
d010e207-b110-4718-8a6d-24a1ff7dd3a0,Jason Foster,wchambers@example.org,6018889523,Software
5410433e-5cf0-4547-a633-9c876b1022b3,Kathryn Beltran,javier30@example.net,897699682,Marketing
e4f8b867-f7c9-4a4b-9573-6adcf1acfdbb,Don Hughes,ashleystevens@example.com,6958035788,Marketing
67726920-ef67-4c1b-8983-e772c245db10,Michael Miller Jr.,chanrobin@example.net,9233967903,Marketing
7cf64a8f-d464-429f-9365-a7407aa28df9,Tina Bean,xcampbell@example.com,1523587439,Marketing
c0357253-8e93-464b-90a9-7272f1c15ed6,Shelby Williams,mitchellshannon@example.org,3990438359,Marketing
5886fb35-2e1c-4c7e-9033-034ec0702941,Angela Ryan,crystalchase@example.net,4991753743,Software
fb9a6dcf-1809-4d29-aaeb-f8944e864a3d,Kristina Watkins,melaniegalvan@example.net,883396885,HR
1dcc7e04-1d57-4262-a91e-24146240fe2d,Courtney Norman,nmitchell@example.com,3422068417,Software
93d3424c-5784-492b-9051-720f9e5e735f,Jesse Williams,briantaylor@example.org,1789004902,Management
075744ad-ab96-4f9e-b71e-b1b1604a68cc,Drew Garcia,tonygarcia@example.net,6629744048,Management
35762525-253d-45c8-8be3-de8d2960adea,Shane Brooks,susan33@example.org,2622340549,Marketing
d0082508-02bf-4627-8f89-98c802a8615b,Lawrence Bailey,randallandrew@example.com,8980478488,Software
076a7dfa-2173-4eda-b743-173563ed2801,Alyssa Black,daymelissa@example.net,1329908980,Software
223523fb-917e-42a8-b3e2-1852f06a949e,Danielle Patterson,virginia16@example.com,3880017513,Software
ba324bf7-0182-4566-8084-fe6e1642d48b,Robin Stone,albert83@example.net,9263499374,Marketing
35397e5e-52d4-4169-9446-3341d8f68067,Katherine Moore,brandon71@example.com,8806799039,Management
f4fdbad1-408e-44b8-b29e-8c75e2808d55,Tiffany Cantu,ishields@example.com,1569007082,Marketing
2d451f74-e41e-4bfe-9605-3c4c257cf34f,Julie Vargas,brett39@example.com,9485215194,Software
c067a9b7-34b6-4457-babd-9166a8445b74,Tammy Little,johnsonemily@example.org,7149462286,Management
0a42cc4a-24e1-41cd-9d83-5185f59d6bbe,Sarah Martin,ymueller@example.org,7136711714,Management
e67d68d9-bafe-4541-abf8-1405eb3b3acb,Mary Lowe,gregorythompson@example.org,9190694313,Management
1070ae3b-ca25-4c12-b9ea-e516146c84d0,Allison Baker,erin12@example.org,1975397391,Management
90fe2507-786f-4b35-bcc5-30496edf3b79,Rebecca Robinson,philipvincent@example.org,6087925644,HR
04a8450d-e31e-45a7-93ec-e269b91f8f7f,Anna Zamora,david39@example.com,48421755,Software
259e4c71-1f83-4046-ba99-c4b517814a59,Nicholas Page,jessicagonzalez@example.org,3794535219,Management
48c1ae7f-4e7f-4d30-9a3b-c7eae473437f,Jessica Dean,prodriguez@example.net,3595874491,Management
14043551-6360-4b98-a203-8f4d75dfb1bb,Lisa Larson,brandonmarsh@example.net,1066098030,Marketing
9cc43ce5-0323-4435-bcb1-468662a31f76,Jason Willis,sheilakerr@example.com,7647773331,Software
b2a88b05-2024-487a-a6c8-ccc9ffe73139,Mackenzie Berry,shess@example.com,6759457019,HR
2db6dd9a-7202-4092-b3ef-18c60e3c7cb6,Jean Harris,bridgestaylor@example.org,26216419,Software
7dedc115-aa07-403d-9a91-03bea6a1ae37,Stephanie Cordova,ymartinez@example.net,3660267096,Marketing
36db4c51-1577-43a2-b749-d771cf4e91a6,Joseph Thompson MD,charles58@example.net,7260421350,Management
6060d3c5-892b-4f38-be56-6f2168955b1d,Christine Christensen,ayoung@example.com,6480904664,HR
c7964615-d4e8-4649-80b6-c67b737101d5,Rebecca Freeman,destinysavage@example.net,5613978131,Management
681eb0d5-27ce-4562-8ac3-2826c7d9fc64,Robin Rodriguez,robertyu@example.org,8151608578,Software
ae0c4fc6-299b-43e2-9197-ba56d2debea4,Traci Martinez,johnsonjonathan@example.com,1605586228,Management
4b5c5c2b-59c4-42d6-adee-c4e1c9b0a0b5,Erica Jimenez,nelsondebbie@example.com,4740937166,HR
cda4cfea-ee51-43fe-9928-619836beb5f4,Barbara King,ramirezdavid@example.net,4549450921,Management
d67ae091-8f93-4666-b2d8-6bb86df4c622,David Martin,uwest@example.net,8893163907,Management
805648eb-cc79-4cc7-8d9d-8adfef4eaaaa,Karen Alvarado,andrewlong@example.net,101573559,HR
10c58077-8677-4582-8bf7-e3289c117280,Samuel Johnson,nelsontyler@example.org,8201483726,Software
9cbed003-3179-4eff-aca0-8a9818819233,Martin Hernandez,perezscott@example.net,8255360241,Software
886a8820-fa2e-4e3f-a60b-02a459d790d5,Belinda Perry DDS,rebeccasmith@example.org,2749822023,Software
9148a85e-2918-4bad-99fc-396d33e330ef,Jessica Waters,joseph31@example.org,9103247151,HR
904e0501-26d6-4d81-9306-cf52ede4e44b,Isabel Booth,gsmith@example.org,3461634763,Software
32e9aa88-c167-444e-9cbc-5fc9f454f5ac,Kathleen Casey,lauren12@example.com,2220754041,Management
49321810-98fb-4699-87ec-1d78a0c1e7b9,Eric English,carlos44@example.org,2539694574,Marketing
44555996-f83f-4d75-ac54-9d0d2490d755,Savannah Nash,omartinez@example.net,4857750395,HR
c0cda159-ec8b-4ae2-986d-35eaef347e95,Heather Green,fmiller@example.com,6475802194,Management
5d31f416-1e6b-4043-a3a2-aef78a526d9d,Andrew Myers,crossmeghan@example.org,7184357355,Management
d542efd9-d729-478e-82e1-68bd4fad748d,Sarah Alexander,andersonjoshua@example.net,6919595123,HR
abcdc2de-cf54-4c15-9562-590f78b21806,Chelsea Miller,proberts@example.net,3298556576,Management
ac8e8760-26c4-45ca-8dc6-bfbd4297ab14,Michelle Lawson,joshua61@example.com,1617149449,Management
6551c33e-30d0-4fb1-bfa5-cba2c00e65ef,Michelle Willis,coopermartha@example.org,1201077527,HR
6cf18787-ae45-421a-9fcb-310e6100a24d,Kim Marshall,jcastillo@example.net,502653496,Software
85a20ab1-9e23-4b19-bd08-05f425d83a1a,Alicia Garcia,zmartin@example.net,2020828933,Marketing
30418a0c-afe1-4f82-984b-b761aba78973,Robin Lloyd,christopherjackson@example.net,7041315744,HR
82aceeef-0f39-496e-864a-6066402a1b44,Mr. Donald Glover,ohill@example.org,5390832948,HR
4e6dfbde-488b-405d-af35-b3f186f06f4e,Michael Little,thomas47@example.net,8186255244,Marketing
4ed9270c-23f3-429d-b154-6c38da8d47c4,Steven Roberts,kayla74@example.net,8990532355,Software
334843e7-71bd-4839-9670-888ee47954ad,Anthony Kennedy,jessicaramirez@example.com,5634023487,Software
d0cdaff4-8a02-4854-8cf0-609392183f41,Kathryn Escobar,robert10@example.net,7533747047,Software
0769280d-0811-47c8-8db9-963001ff7991,Mackenzie Anderson,sdiaz@example.org,1959218584,Management
f6a9fb13-46ea-4621-bae4-93dcc2ac44f9,Theresa White,melissawolf@example.org,9576730482,Software
36d4331a-662e-4589-b865-7342aaf27e40,Catherine Valenzuela,liumary@example.com,580232652,HR
6d7cd4a0-4664-4561-aedf-c1feb48b24c3,Jonathan Morrow,bonnie71@example.net,4509037544,Management
9e9c7914-3b3d-4160-90df-3a811d48d6e6,Benjamin Medina,castanedaeric@example.net,7526706577,Management
c2538867-27a0-4ca0-b4b4-40fcb5f34c7e,Theresa Webb,jesse43@example.net,1674751675,Management
9770ed94-0676-4c54-86b7-59120982f5d5,Michael Velasquez,russellnicholas@example.net,5555192818,Software
14ccb3cc-5a2f-4d41-814b-a5367a1661aa,Brianna Elliott,april62@example.com,4291027888,HR
4c9193fc-c667-4e0e-a9eb-ffc05a915878,Christine Williams,rellis@example.com,7509204891,Management
dfd0d45e-aa07-405d-8294-b729b9fd7f2f,Tammy Richards,vanessa69@example.net,8306913205,Marketing
89ccd3a0-b29a-4ad2-8fae-dee30e0de6fe,Jennifer Pitts,luiskeith@example.net,3943492873,Software
a0841ad7-cc66-4aed-8932-a4c65dabc7da,Jonathan Cervantes,pattersonchristopher@example.com,1569022745,Marketing
6bdae137-1f83-46f9-9fd5-314817825660,Michael Mendoza,mbrown@example.net,1898145490,HR
9f226866-f64a-4f78-b9db-7fd60339265b,Stephanie Palmer,cartermarcus@example.net,9368996418,Management
10e8ddeb-a494-42ff-a1be-417e95463f9e,Anthony Andersen,xjohnson@example.com,8304192992,HR
2ecf596f-db05-4431-97d5-6f01ddab4846,Daniel Spencer,kmcpherson@example.com,1810642722,Software
b92b70d7-d197-4f63-8bb6-4366e2eb2163,Tiffany Sexton,dawnpotter@example.org,6246855454,Marketing
551875be-7e94-41d2-893c-c84458fbe9fb,Richard Gonzalez,tcastro@example.com,309265963,Software
a1bfbb20-0fdc-4f11-815f-18b32e8d7f72,Robert Gordon,danielseric@example.net,5126609358,HR
de51bc6e-284a-4f0d-86cf-b0cc8c6d0a72,Patrick Middleton,kclark@example.org,7069024518,Management
d4b3d713-6f49-4d38-bc1d-8afe90eeea5e,Tyler Cordova,kennethcampbell@example.net,2570932897,Marketing
4eed22e2-dc50-4039-8b06-16202bfe9875,Laura Hernandez,roypena@example.com,2061670826,HR
c0e8f3cd-c569-4ec2-8e4f-72ef2775962c,Michael Anderson,ytaylor@example.org,3827203465,HR
4146e572-b2b4-4703-b3fa-e4907be15c43,Bradley Irwin,michellecole@example.com,8826012479,Software
90271cd4-6728-4c5c-ac2c-a0efcf1b775e,Robert Howard,athompson@example.org,2994992939,Software
abdce390-e7f3-405e-a645-c72ab4d2fc3c,William Rose,cindy86@example.org,1011128720,HR
76f55e9b-4d97-4338-99ef-5345610901b3,Jean Irwin,aallen@example.com,8405168540,Marketing
4fbe138d-5c16-448c-984c-ca9989ffe5cd,Courtney Torres,hholder@example.net,5835518608,HR
736f78d8-db11-41e9-974f-bed497c5c265,Sandra Mahoney,kendra40@example.com,3376104546,Management
4b85f22a-0b01-487a-aab0-55e7c2c261a9,Albert Sweeney,clinerichard@example.com,175149954,HR
5162e65c-3381-45a2-b947-43f03c3a2c2e,Jessica Sparks,sharonbaker@example.com,557569253,HR
4feb771e-61dc-48a6-a204-6e9d8fc088a9,Jennifer York,leah47@example.org,1252075526,HR
66e9d387-0811-4513-8a0d-188f8cbbbc6f,Stephanie Gould,james85@example.net,5791532529,Marketing
9a2e0a24-48f6-475e-9218-97c4256bcef7,Anthony Fleming,mark70@example.net,5260865740,Management
d8294731-495f-404c-af5e-97036d5cd89f,Martin Obrien,sherry61@example.org,1322042082,Marketing
3656518b-e0f0-40b1-819e-f75c9c3a5302,Mary Smith,davisjason@example.org,4478273723,Management
bcc94a35-aca4-4a56-8400-c9315dace928,Amanda Williams,garrettraymond@example.com,8063390276,Marketing
a9fbac02-c298-46ed-8d91-0da17a9bb58f,Martha Solis,robertcolon@example.net,4667599361,Software
f0f22dff-bf52-43de-bb4e-315beb38a223,Dr. William Villanueva,woodskimberly@example.net,3206411931,Management
741555eb-3e2a-4491-9ae1-7fa9c0b9cf5b,Louis Vang,mwerner@example.net,2059637981,Software
24e0156a-90d3-49b5-b439-e53195c39f5e,Holly Davis,chelsey37@example.org,6295782050,HR
9651b517-d17a-4c08-8fab-945025d32e2a,Joel Snyder,kellysmith@example.com,1044414766,HR
791e0ad2-81f8-417d-bc4f-c6587170c4a9,Cynthia Baker,swalker@example.net,226362126,Management
250ed4f8-e715-41bf-9d26-9d0e12a8d30a,Andrew Stevens,toddwalter@example.org,6892371513,HR
817a5281-6a44-4aae-8e0d-974f1750d738,Mark Alexander,qray@example.com,296855159,Software
59cd91ca-6675-4c19-bd0f-d2e513cabab3,Taylor Diaz,robinsonbrenda@example.net,732936135,HR
c1d30947-f8f7-4f3a-a396-7ace2e24d8bc,Connie Smith,santosjames@example.net,3289079626,Management
14341916-9cd5-4a93-90a0-b7421d6eb554,Mr. Warren Ortega MD,christinanelson@example.com,9993847843,Management
3b93cb20-4018-456e-87cb-2a8c01e888d0,Christopher Chase,humphreyjack@example.com,9928370870,Software
2720070b-bf18-47c1-9623-1b64691094e9,Lori Taylor,virginia95@example.com,204509318,HR
d7729ee5-8394-4392-ae3e-58c9fef56e22,Elizabeth Martin,jamie89@example.com,5304018027,Management
931a17db-efaa-4771-a794-b5e4912afd67,Christopher Ramirez,sergio24@example.net,8334133924,Marketing
73c82e8f-cd32-4256-bc62-dbe0c0fc229c,Eric Preston,adavis@example.net,2224735185,Marketing
2741d868-a32a-4cc9-b065-eb4337707d48,Stephanie Barrera,jennifer71@example.org,1671040491,Management
7c78bdbe-2ed9-4410-9115-3347168782d7,Zachary Price,sandra14@example.net,3308781849,Software
789a9a4d-f4d6-4c55-9307-92eec1524db7,Joshua Dean,madisonmahoney@example.org,6593790273,Software
47f9fc97-4535-4532-9337-b847d9cd157d,Victoria Nunez,calhounbrandon@example.org,9380654166,Marketing
2d81c8d0-a1c6-4ecc-bbc2-4640d0fdb377,Aaron Jones,drew95@example.net,9518345536,Software
5bdc42e1-b194-48b5-86af-1b5b7b7dbf24,Amanda Patterson,zsmith@example.org,7413316100,Software
4494e486-6320-4990-a4a6-c35953e31f94,Stephen Estes,pburns@example.com,4900400988,Software
ec858c44-4606-45cc-9e76-5ca79532d931,John Morrison,steven64@example.com,2137220262,Marketing
61867ed1-bc81-42e9-8405-4e31a1e752cd,Darrell Carter,laurie08@example.com,8631410098,Management
a33f71c4-4566-4dd3-ad52-286d7713235a,Donald Montgomery,lauren23@example.net,7381044954,Management
cfb1e59c-db34-47b3-af94-c025f45b2cbd,James Figueroa,tgarcia@example.org,5235473146,Marketing
4dfabbb3-e5a4-428e-a76f-0bb2f0cd57c2,Levi Willis,melissawolf@example.com,1245487380,Marketing
92c63ef5-2aa5-480f-af5a-1057ccf52a4f,Carolyn Hale,dylan34@example.com,4549308651,Marketing
3a305e19-e243-480d-8661-38024a7063b1,Jessica Small,luisharris@example.net,1943064571,Software
fd200998-1a5c-412c-a77e-ddc53617de67,Courtney Shields,patrickchristian@example.com,2113342660,Management
517141c9-f821-45f6-986e-b441f812d186,Erica Keller,awood@example.com,8043910524,Management
654f5e08-0b19-44c8-b8ad-137bc2e4073b,Jill Martin,james05@example.com,5039350372,Software
ff014dac-d63d-449c-a7e3-1caef7c41fc2,Caleb Morrow,alisongarza@example.net,243913430,Marketing
26852422-7ebe-4ea9-93b5-4ea6d75718d1,Jordan Rose,martinezbrad@example.com,7124610831,Management
0dc472c8-56b4-4922-84ca-9ca915b456f3,Diana Johnson,deleonkevin@example.net,8317575208,Management
0eb587d7-abe5-4e1c-9d3e-20d74fc7cb1b,David Weaver,mariastout@example.net,7133834389,HR
16d31bcf-4987-48bc-853f-a96f37017879,April Moss,buchanandaniel@example.net,5469176640,Software
d3a3a5bc-b25f-429e-9a99-036db59075f3,Elizabeth Ingram,clayton71@example.com,4796083419,HR
0f252aea-4de0-4751-9b12-32770b34dc95,Mark Cole,tony73@example.org,5075040165,Marketing
490049e4-7ffb-43c1-a5d9-b2e0677cd1b0,Kathryn Vang,edwin17@example.org,2683635480,Software
3c11d8d0-f23c-42a9-bd9f-a9d280fc0d69,Kathleen Kelly,mooreryan@example.com,1284649577,Marketing
157980a7-b5b3-4426-ae39-45ea6e42357d,Clayton Barnes,christinealvarez@example.net,2084249938,HR
a20593b9-0a00-40d8-8e1f-e04e5583c5e7,Kristopher Yates,campbellcynthia@example.com,1602685586,Software
6b448b8f-c691-41d8-97b8-4610cbcc051c,Antonio Mclean,veronica66@example.com,5360385786,HR
61e19ad3-4798-4a3e-a809-654582a075ed,Karen Lee,kathrynbrock@example.org,2932039800,Marketing
52276d93-f48e-460b-b1b4-2c23c2d47022,Regina Miller,dorseymiranda@example.com,6009804225,Management
705f6240-4c57-4121-9a5c-c0f6f706b162,Kristin Woods,smithkaren@example.org,1517015056,HR
1fc9fea1-eb63-406e-86ba-8365cc58686d,Michael Clark,harrisdorothy@example.org,5372625620,Marketing
656e66d9-f38d-4d23-94be-b3fd15fdd7ca,Kenneth Mcconnell,johnsonkathryn@example.net,7019860469,Software
9f32ac2e-9f13-4c19-a36d-3bee61ee6ca8,Antonio Rivers,hoffmanyolanda@example.org,2941730171,Software
ca243dff-6804-4133-83be-3e9350b14675,Jenna Brennan,vray@example.net,2102568044,Marketing
d63c2cd3-979e-4bcc-a609-e3cd17e53f4c,Michelle Patel,rfrazier@example.com,5890429473,Marketing
09cc99c6-75ec-450d-bc56-d93fb7e32881,Claudia Lucas,esantiago@example.net,8061167946,Marketing
c25c2b2d-26d5-4830-9ff7-3c5551b29a9c,Mackenzie Morris,ryan13@example.org,2072854084,Marketing
bcc94027-da18-49f3-800f-b9f83b33d4ef,Tammy Davis,mackenziehouse@example.com,9506437338,Marketing
7eea885c-aeb0-47f5-81d9-0f2cc99dd4de,David Rosales,williamscolleen@example.com,4544969698,Software
f72643cf-def1-4e73-a58a-882073624131,Michelle Fisher,jonesjohn@example.com,4935400705,Management
1c2d4eef-fcd0-4ba7-9d16-ffdda4fae117,Julia Munoz,johnaguilar@example.net,738979307,Software
6a9e0e92-3c6a-4311-9977-96871fe70e65,Patricia Guzman,nicholas91@example.net,7556098187,Marketing
d23cce86-37a7-4607-9a65-5096bf145d3e,Jacob Wood,wwilliams@example.com,9018887668,HR
a4d4fe46-7526-4c39-8a0a-7f8b48fe5880,Gerald Buchanan,alexanderjimenez@example.net,6126349426,Marketing
08de8c9a-1f3c-4538-97d9-807a75e524da,Sherri Hardy,hinesbenjamin@example.org,4614808530,Marketing
36f30dd1-a223-44ab-8f73-53e8d400e379,Lee Fry DDS,elizabeth08@example.org,6824232785,HR
a408782c-4ebf-455a-a25e-d385e568602a,Barbara Harris,jimmyanderson@example.com,5044063733,Software
ac3e618c-5aa6-4b36-93c6-7ee2e1352eca,Xavier Thomas,fisheraaron@example.net,9900157997,Marketing
cd6c2730-0cfc-4101-95e1-51d238d284c2,Kaitlin Padilla,coxamanda@example.com,6151835418,Management
f836460e-c8c5-4498-8f94-8954af72ef87,Alicia Lucas,bethanynewman@example.org,888849879,Marketing
b78f2a13-0254-4d9b-9fbc-8c1c42df0da0,Derrick Rodriguez,cunninghamsean@example.org,5652958653,HR
6be7d42d-2633-47db-ae47-eb5784c6963c,Ronald White,gyates@example.net,2900758714,HR
fae0d93d-96a0-447d-87a6-dc7dbea23254,Andrea Martinez,david89@example.net,6480152213,Management
4856d32d-d5e2-4bb7-8e63-0e994de58556,Kristen Jenkins,dianasalinas@example.net,5185625661,Marketing
16457de7-5c5c-4caf-92ce-83df7f6f605e,Courtney Collins,roberthouston@example.net,9517357134,Management
55986c02-5253-4827-a3f8-e627876a173d,David Fowler,victoriabradshaw@example.org,7149233464,Software
6d5d8dca-b984-4488-97f2-ceb4923a1490,Seth Tran,westcarolyn@example.com,2150660326,HR
d9dbe13c-ee44-4421-b57f-130d29ea5201,Shane Kelly,brandon73@example.net,2972281064,Marketing
86e39b7e-424f-48d3-ab68-eac264bfcf66,Karen Garrett,stephen14@example.com,1359754867,Marketing
5c314069-588e-4602-af74-ef37d99ec097,Linda Smith,olivia21@example.org,4637580872,Software
755c4a8d-c53b-4700-9546-9ffbc14190d3,Levi Gonzalez,hernandezcarla@example.com,7269829883,Software
d29b4ba0-c045-4838-af6f-00df39dfe393,Douglas Flores,billy54@example.com,4360544758,Management
b851b6bc-5a07-48dc-a36d-d77e41f446bb,Amanda Harris,heatherjensen@example.org,1574702615,Marketing
f073ce8a-8038-4787-be4c-beab6d1d4338,Amy Taylor,parkjose@example.org,2763501961,Management
d46f2db8-9796-4903-9e17-fba3497b169a,Priscilla Simmons,ghall@example.net,1008574881,Marketing
206f99a5-1073-41ec-8f37-a88715ca3b23,Alyssa Kim,mcintoshjesus@example.org,5642428670,Management
4ce6e6e1-ea9a-43e9-94ad-c10ae9d4d092,Carolyn Miller,christopherturner@example.com,779533008,Software
75f66f29-21ec-4db2-9a8e-fe2c0fc9bb0f,Bailey Reed,glee@example.com,607548207,Management
757d7897-58ef-4829-892e-a52719d7aa7b,Richard Williams,lindawashington@example.com,2489079711,HR
ecc676a6-4f5f-4987-a4ad-9d9fd03d7869,Trevor Gonzales,coffeyseth@example.net,5455434304,Software
80a4aabb-5e6d-4b49-a6d9-d589ed325bbe,Michael Horn,evan91@example.net,4608878437,Marketing
6d098395-413c-4425-b222-a1dac019dd51,John Miller,ajohnson@example.com,6304476821,Software
55779c81-cae1-4ff6-a729-b0d6435e9ca6,Andrea Patel,tyler41@example.com,3322749903,Software
8a6fa6ce-a227-40ae-8647-036164ff209b,Judy Lynch,zjones@example.org,5167498662,HR
0ca4ec2c-2ca2-4c8a-9c18-59d405f78ad0,Dr. Rhonda Good,lisablack@example.org,4104701799,Marketing
f87742c7-05a1-41cd-b7f4-0608fe361fe0,Alex Gill Jr.,martinezemily@example.org,9548948934,Marketing
9fb33a45-007d-4703-a7bc-04c6f452bd7f,Ashley Mcgee,david63@example.org,3913480369,Management
120ad892-a7b4-4362-a259-09707702dffa,Mathew Smith,justinpatterson@example.net,8793512761,Management
3b7b71de-577e-45ad-8188-59795dce07a1,Sarah Reed,klinesteven@example.com,3340626503,Management
33bac504-2f83-4429-830c-3f75166a1565,Mark Davis,kristinalong@example.net,5240522142,HR
65bdd2f3-e112-4020-a64a-701a21b6c27a,Elizabeth Shepherd,logangrace@example.net,1677324413,Marketing
dde20228-7e9f-42f9-b5aa-8d4b73a3de4b,Nicole Johnson,sancheztina@example.net,636650578,Marketing
0a342df5-0cfd-45e3-8963-1f6c04b285fb,Elizabeth Santos,zallen@example.org,123210377,Management
b2c330bb-8604-48f9-8e9b-2fe955c59ef9,Jessica Watson,iturner@example.net,9279146126,Software
261ed8eb-ec54-4dc8-9850-a98fa1c6c304,Sheila Robbins,spearskristen@example.net,8963896094,Software
07d60b64-0303-47d4-a6f1-d35a124ec19d,Amanda Tyler,joshua88@example.net,1628720484,Marketing
9d71b903-c36e-4029-824a-3f542765c367,Charles Cross,ksanchez@example.org,8177925310,Marketing
472eca89-5406-4c39-b243-c6e49d674dd0,Joshua Bernard,brandon47@example.com,6977372249,Management
b9ea57a0-f66c-48bc-836a-6474cfe9e9cb,Zachary Dickerson,linda01@example.net,8046704305,Management
f13c5c2b-d907-4998-982e-52509e5fd662,Melinda White,kennethwright@example.net,7664018747,HR
8263aaca-a881-4193-a0c1-70c67b9d43ec,Kevin Reed,perezandrew@example.com,3920893132,Marketing
93fe84e8-57ab-46ba-af2a-6a4570e3ca64,Tracy Davis,millsmary@example.com,934669715,Management
0646099b-3ea1-4652-aa27-0644985314a9,Zachary Richardson,galvarado@example.org,916003054,Management
d42711b3-222e-4ab2-8668-57e90d559614,Joseph Contreras,kshaw@example.net,3696197943,Marketing
bd3a99ec-1cd9-4c8f-8a1e-f924e3084675,Abigail Quinn,donald47@example.com,7460622154,Management
be328679-b10b-4db3-916e-01abc671f832,Courtney Chang,deborahfitzpatrick@example.net,9408390412,Marketing
82e33472-e882-45c4-ae88-c5da2f11205f,Meredith Russo,joshuapowell@example.net,7809446316,Management
45d73cf2-ecb6-4089-9d3a-5ce32f1ed6d0,Holly Harris,blakefreeman@example.com,7690687111,Software
a6ca9303-40dc-416e-96f0-0475af4a27b3,Jason Caldwell,spencerbenjamin@example.com,1573408985,HR
d0a4635b-0269-4e3c-8cd0-4ddf633027f6,Mr. Ryan Wolfe,kathy15@example.com,919875481,Marketing
c0dea270-b987-4826-b258-f21456441acf,Cheyenne Anderson,sharon57@example.org,9081984016,Marketing
afbce855-0800-4ef1-bafc-3f7189129a7e,Javier Rivera,jacobsjustin@example.org,9807859663,Software
4c12c881-2e0a-44e5-9d10-bda18bf6b186,Andrew Grant,daviscarol@example.org,7411382314,Management
31ec2782-53b5-4730-95d6-318ec37dda49,Shawn Perez,ericalamb@example.com,9308150436,Software
47f9a783-79b8-4e8a-89cf-7d6228c9827e,Kathleen Price,tgarza@example.org,3169723569,Marketing
5e21214f-53f1-4aab-9c11-3aa1d844f0f1,Laura Gray,jonespeter@example.org,5595778645,Management
5fb6c5be-cefd-4337-89c7-1edfb35f431c,Paul Moran,bburke@example.com,9969725015,Marketing
4c4a289d-b291-4f28-b935-c8acce3ceb90,Beth Flynn,andrewprice@example.org,4707573395,Management
079ae8e3-23a7-4239-b1c4-b51ccedd3af5,Zachary Gutierrez,sandra42@example.com,6672621269,Management
a2358fc5-c2a3-48f6-9716-06727ceb9b5b,Madison Wade,amber82@example.net,4804927467,Management
c76319d5-7a8c-445a-ae06-4baf07b423eb,Alex Hale,thomasjeffrey@example.org,5859292562,HR
da3f2f5b-70d8-47ab-ba3f-633b7832c94d,Christian Garcia,michelemartinez@example.net,8983145953,Software
d4199fba-d101-403c-94b7-125a9762f3b7,Danielle Park,kenneth04@example.org,6748014721,Software
073c2248-8aac-4cea-81ad-ad994b47af8f,Deborah Roman,mkline@example.net,1921683962,Management
71d87479-1652-4779-8e4b-d47c7b452295,Tiffany Frederick,guzmaneric@example.net,7233681995,Marketing
7208fa3f-4a1e-494e-b22a-a3ad967649a4,Eric Bailey,cainjason@example.net,5645957639,Management
fa4c29cc-dfc3-4b82-8614-5cc1f9774dd0,Lisa Cross,xmitchell@example.net,528396674,Software
5dae6b3b-9e9c-4ba5-8665-9169eedce848,Tiffany Torres,munozdavid@example.com,4620125322,Marketing
044216d9-c396-4743-845e-755f8fff835d,Raymond Huff,curryjames@example.net,3432279519,HR
ef79eb7f-ada7-4c8f-b99e-1d077a27f10a,Tracy Stewart,goodmanelizabeth@example.com,1316800536,Software
9069b384-a004-45d8-aa57-db35c5c8a940,Robert Rice,elutz@example.org,497909691,Management
52450385-3688-4655-8db3-822da1d0ea99,Allison Fields,kmueller@example.net,9347685318,Software
96c13cf9-fc89-4d7d-acc8-0c6c7c44ef80,Johnny Collins,jessica96@example.org,7057762028,Management
642f066a-c4f8-4288-ab1e-053b4d7ffa08,Robert Tucker,rodriguezrobert@example.org,859109263,Software
cd601518-1e45-49f1-885b-5754753744cb,Timothy Williamson,xtran@example.org,4460310851,Software
00033ef8-1019-4f0c-a1ea-188352a80816,Tara Stevens,phillip66@example.org,1962302796,Marketing
47d6cfc9-3ae6-46f7-8aec-dbaa3957af10,David Fry,matthew77@example.org,8740320938,Marketing
cdad207c-e011-4090-ac4f-ab828a6eae97,Jamie Burgess,shelly88@example.org,3460483516,Software
3d579fff-0db6-4bc1-8fb4-eb1f8b6da085,Charles Smith,joycestout@example.org,7152003372,HR
2337a2f4-0744-4360-abe1-fa1c1b871443,Nancy Mayo,blong@example.net,1343535490,Management
a37585f3-87ad-4e15-8380-dfe3acdd2d2c,Jack Diaz,kingnatalie@example.org,1730649141,HR
31597dd3-1e96-4920-8c3f-5c85421fa37f,John Day,sheliamoore@example.com,1103636281,Marketing
a48bd427-8d00-4f7b-a752-7797ad4a9806,Marie Dunlap,amandamendoza@example.com,9363338324,HR
39657e6f-b3e9-4754-99db-1651dda8beaf,Jenna Walker,ywood@example.net,5716607719,Software
99c35b55-8362-44bf-bae7-ee85d216a63a,Stephanie Cox,eboone@example.net,6110189121,Management
eae8e676-3247-4d6d-bc0c-1e9915f2190a,Paula Reed,matthewliu@example.net,3649725042,Marketing
3802741e-c870-4646-b932-4cbc7563f7a9,Donna Ramos,showard@example.net,5236625159,Marketing
b384a16d-0b8e-4003-8030-13fedc04b0b8,Robert Poole,obriendaniel@example.com,6907510749,Management
29a0884e-4caf-4d98-a167-d198a145ac4d,Amber Morris,karenstevens@example.org,1260937081,Software
4991c768-1070-40a2-a72f-ff134b3b195a,Joanne Martin MD,mossjames@example.net,8877518944,Marketing
65cef4c0-fdbd-45fb-be66-a54a848fd559,Allison Nelson,fhampton@example.com,7789016541,Management
4476f71d-76be-4715-aad2-be50c16e21a0,Kimberly Lewis,kimberly30@example.org,4123697830,Marketing
f602a051-f0aa-4db0-9f31-e1bc4ce61853,Beth Smith,markking@example.com,4998380053,Management
02063c4e-6f8d-47bb-9730-beb931e5855a,Jennifer Miller,david61@example.com,3541850733,Marketing
3808aaad-6d5e-40a7-83a2-cb6a47a1f51f,Laura Harris,diane80@example.com,1729281764,Software
2f7e8d9f-4b28-40fd-be55-cccd2b257fa2,Caitlin Williams,glewis@example.com,5899039559,HR
7975e12d-c831-487f-a8f1-e229cc7754a0,Roger Bradley,ericdaniel@example.net,349318425,Management
69947442-6570-4cf8-8d95-50d85081c6a8,Christine Kim,shari00@example.net,8132216911,Marketing
664eb8cc-eaa4-4b89-a922-b8095a0f7652,David Martin,cassandramoore@example.net,1960393403,Marketing
c1dd1a51-94b1-44d8-b6ba-9e14165be536,Patricia Harrington,jason49@example.net,555787316,Software
fdd213dc-a6f8-4b0c-ab07-bc1158dde43e,Andrew Williams,yconley@example.org,7079681085,Software
1feb8b43-8d0f-4949-b0c2-b6ad52a0187b,Jason Daniels,kevin09@example.net,9757196128,Marketing
b9277d1d-f584-4ede-8258-29ea34955b91,Margaret Perez,francisedwin@example.org,2737016900,HR
3cda0f69-01ee-48e6-90bd-413f7e7d1e0b,Mark West,parrishlinda@example.org,2422166101,Management
8118741d-79e2-403d-b964-4806be86aaa1,Jennifer Delgado,jimmy81@example.net,2002764629,Marketing
5ffec201-728b-46fc-9347-b365f307b441,Benjamin Mason,carolyndavis@example.org,2308531633,Software
1b95bd98-ac5d-43f8-8b5a-a596fc779d0e,Charles Alexander,eddie83@example.net,4607990805,Management
2067be84-c6d9-4fa3-9653-eb470d1178bf,Shannon Marshall,schmidtkeith@example.org,2576284505,HR
a7817330-8f03-4b67-9aa6-ecca728fec69,Christina Taylor,thomas14@example.org,5544489375,Software
97d7a488-2ae7-4683-bf98-6d1249034485,Danielle Mann,bharris@example.com,1636306724,Software
edcbb751-2091-4d8b-a66f-f4bd36778707,Patricia Carter,scottsmith@example.net,2032584546,Management
00ef747f-3607-4e68-b978-eb27de8baa9b,Benjamin Whitney,nancy70@example.org,7301317306,HR
cda9fe06-7fe7-42a5-86d0-a13fd3df6fed,Melissa Arellano,rmontgomery@example.org,1033226755,Marketing
56cd61c4-3a27-4bd5-bed5-82541e236206,Lisa Snyder,sanchezjohnny@example.org,2628573883,Management
b53585ab-f09e-4e96-94d6-0b376fa79f86,Jill Lee,haileyhodges@example.net,5662060172,Software
61ea034a-02c4-4f23-a245-fe592f5f05a0,Joseph Saunders,janicejones@example.org,8003176556,Software
267bc006-f856-4942-94d5-89b6fa3d4d0e,Charles Washington,lesliemiller@example.net,2547204841,Management
cf5d53a9-1e94-4823-a4a4-cd903d341eef,Joe Blankenship,preynolds@example.net,4946910745,Marketing
8d3a8105-b693-459b-9a34-9ab01bb12b88,Tonya Holloway,stevensdavid@example.org,1840476487,HR
a349f03d-1b42-48e5-a965-a738a691af95,Shannon Gay,michael91@example.org,9531546451,Management
e91f01c4-b3e0-4757-a622-54906e66221b,Brandon Parker,milesjason@example.net,1132171582,Marketing
3399b063-88f8-4820-808c-e7c319c943fc,Joshua Golden DDS,felicia97@example.org,5285776424,Software
374c52a6-9219-4870-85e6-8a6756c6055c,Bryan Lewis,wilsonandrew@example.com,6462666213,Management
73cdd840-f464-4c7f-8c9a-51902cba09df,Michael Rocha,cmullins@example.net,7164284577,Marketing
1be6ff55-b9ab-4d33-b0b1-e552b0da0adc,Raymond Edwards,daniel42@example.com,5057521662,Management
b53628d4-ee0e-4caa-afd8-10871bec63db,Christina Patterson,daycatherine@example.com,2599654760,Software
27897b20-d0e6-42ca-8db2-f5fbbb5e57cd,Deborah Patterson,melaniecarey@example.org,392345256,Management
3cea44a3-17fd-4de7-a4c2-3912ec67c2ce,Gina Mccann,kayla16@example.net,9895036221,HR
e2731600-c8ef-4c37-bb9e-765f6763ac34,Nicholas Baker,williamlee@example.com,8253015552,Marketing
22ae1c22-2798-410c-9f50-331f26e01dc7,Taylor Jones,ryan84@example.com,9382367832,Management
39c30b08-91db-4ca5-8495-b03ecf6d24f9,Crystal Smith,allenmichelle@example.com,6196546708,Management
473a47c8-fc70-4cbb-98ae-ee1f8d79ef56,Christian Wong,thomasthompson@example.net,2586097396,Management
8b78fb8d-0362-41c8-9885-303a0e6dc848,Lauren Mills MD,bryanruiz@example.org,4250610074,Management
c1f3e673-c5f7-400f-8c41-bc1471a870de,Jennifer Hart,cluna@example.org,3551507739,HR
6ac4f9db-49e5-4feb-9b71-34744a11cb28,Colleen Walker,tayloraustin@example.org,6462880835,HR
047a9be4-2352-45c7-85ef-4724f51a3f9e,Christopher Scott,benjamin06@example.org,7096468327,Marketing
a28930af-7a97-41af-bd90-3cecc4ee805e,Michael Howard,jessica63@example.org,5233551275,Marketing
9586f8b6-4d5d-4e14-9be2-4111907b7c20,Kenneth Cook,wpoole@example.net,2008119873,Management
e8e92cdf-1d39-4274-b4bb-db81414a750a,Teresa Whitney,hhernandez@example.net,2023661071,Software
7f9e7334-87dd-45eb-bbdf-0091c43349bc,Regina Norton,ortegacathy@example.net,5166179821,HR
2b1165c2-7385-47bb-b825-a13bf10bf01c,Lauren Young,ilucas@example.net,2991225614,Management
00d2e3ef-e818-4e94-b5c4-79ed5fae2765,Robert Waters,hodgesalexander@example.com,6134937929,Software
9a4d101f-30e0-4104-80e2-2c4e5d9af018,Linda Young,nthomas@example.net,2459347924,HR
ba837d79-49fd-4dfd-bf9c-347d92b218cb,Micheal Christensen,aaronarmstrong@example.net,39789953,HR
2f693809-8b3f-4bcc-a24b-64bbad9619c9,Robert Young Jr.,georgemalone@example.com,8280070468,Management
0e908e62-30c7-4d7b-9ae8-9cd380c61c43,Anthony Mcknight,brownheidi@example.com,7932408094,Software
2e894aab-4752-429e-8823-9cc0eb274f1f,Carrie Pineda,deanchristopher@example.net,6667976512,Management
4a76d875-6f28-4c31-8bd5-7e4d8039a0fa,Bruce Watson,jack89@example.net,1852359068,Management
6dab0149-5f90-4ec5-83c1-1973c57a75b1,Lisa Davis,michaelhancock@example.net,5261026989,Software
0af0dde0-1674-4f5d-9291-e3b4e1365f6b,Walter Johnson,seth35@example.org,7505324324,Marketing
9bb7469f-0ba3-4547-8f4b-3f706cb96b4e,Charles Edwards,wharris@example.com,6170807187,HR
471f912e-f340-4101-8239-49c0951b58b0,Brett Johnson,kenneth07@example.org,5179059888,HR
3019c366-97f9-4a5c-ab66-6109f50cf3cf,Victoria Jackson,samuelbrown@example.com,7686994812,Management
077bdcb3-14d8-486c-a5dd-116d64fc48df,Julie Webster,harrisjessica@example.net,2285356312,Management
d8c16699-e7ec-436c-af95-fc36f3086116,Lauren Fletcher MD,frichardson@example.com,7593228045,Software
57dc04aa-f14c-41dd-a35f-f4504dc5325c,Jason Mathis,kristinabryant@example.com,5807569700,Software
d016156d-1f61-4a42-8205-56f3e712ad19,Nicole Sanders,sabrina87@example.org,2808129894,HR
6641ddd2-4400-4379-8063-24191d7f2039,Rick Zamora,njefferson@example.com,9349457333,Marketing
5bb1baa3-da31-4e14-a44e-a70960d81a5e,Amy Long,kathleenlopez@example.com,4829401373,Marketing
d611b36d-aba8-4714-b826-68b34f796859,Mark Palmer,hbutler@example.com,6525078256,Management
943fa55e-5ef5-44df-94d3-c385d7d87946,Robert Obrien,brady64@example.org,510339545,Marketing
767cce30-ed8c-40eb-be90-cd518a297656,Jennifer Campos,yscott@example.org,4950286381,Management
c3ac4495-6bc7-435f-b5dd-cc72ef51f889,Bethany Figueroa,cartermichael@example.net,2784344465,Marketing
c4246564-c081-4dfd-b071-85710c315d80,Amber Doyle,tina09@example.org,5448802119,Management
d25953f3-057a-4b07-8a78-bf50d777571d,Amanda Russell,wreed@example.com,7576512352,Software
e329e33a-f201-43f0-bf75-429e40bf232e,Holly Moyer,obaldwin@example.net,5955389257,Management
777b1461-7b5d-4ff1-8f9d-34eb2a4e2c85,John Park,barnesbrian@example.org,5576085889,Software
3bb26a16-a658-4bdf-a336-94cdfc5f58ca,Christopher Brown,schneiderbrad@example.org,1140362362,Management
c5a57602-e668-4def-9af7-2f21f359645a,Michael Brown,debrasmith@example.org,4746209524,Software
24419955-3a86-4271-bc54-4e70a8cab822,Dr. Valerie Elliott,macdonaldpatricia@example.org,1510568295,Marketing
14231ef9-3919-45af-bb14-7729151e1663,John Payne,tina54@example.net,7343812634,Software
4a555b19-fd85-4f6e-9a53-75bc9baa7d27,Monica Rowe,larry43@example.com,474917142,Management
7c226744-1c7d-4a12-a625-319510f2864e,Jennifer Anderson,patrickkhan@example.com,4735264424,Management
238d5b3b-c133-40ff-bf92-c9b3276a899e,Patricia Jensen,michellefranklin@example.org,8233968120,Management
9a0af879-2b31-4033-a4f4-5d394a89b5e5,Brooke Cruz,lanceharmon@example.com,8413274894,Marketing
3dbd4eed-333f-4827-b9bb-a2120cdffe68,John Hernandez,jamie61@example.com,2288833594,Management
a623ce9d-56fc-49be-8e62-bcaa5c968267,Dennis Perez,cathyjohnson@example.net,1095111420,Software
f9db87e2-1f67-4e7f-a024-27c65d2855c2,Jonathan Thompson,lwalker@example.net,4528178453,Management
2a2ca532-02db-4167-8d93-e22ff0f8295e,Todd Buchanan,sandersheather@example.com,5892990119,Management
aea405b7-ced0-4b26-9aba-9368fceebedf,Melissa Baker,jodimeyers@example.org,6263494466,Marketing
b2e77514-1707-47b9-ab0d-06c8967ee358,Breanna Lewis,johnsonjeffrey@example.org,3908661415,HR
d28c7c32-4dce-4fa8-97d0-097698fdccdd,Jasmine Perez,alangreen@example.com,997610571,Marketing
d6cdc0cf-b9f3-4b0e-99a8-1e686b572cd7,Lisa Hobbs,fscott@example.org,913463036,HR
d1344bd9-8c16-423c-b62a-7701769a5b6d,Amy Johnson,vickietaylor@example.com,8804871799,Software
01bf0c79-56a6-4355-8945-c38b4a4e23ce,Matthew Cohen,danderson@example.net,6755619868,HR
ad2b1ff3-f51c-4ab4-a953-5c1328508578,Michael Frazier,christinahill@example.net,6646111456,Software
b2c1933a-a971-4d4a-9e00-9441f27b6787,Jesus Jones,davidball@example.net,4840101740,Marketing
91e25530-31a0-4910-9591-dc0988dac1d2,Mrs. Susan Jones,jbaird@example.org,4678086734,Management
a0c4d489-b539-433f-9482-7b544136d908,Luis Melendez,andrew98@example.com,8358276564,Marketing
78089d0b-ce96-4676-aa04-25193e7a7bec,Tracy Carr,brian69@example.net,2867866402,Software
a84d9580-d4d7-4532-809c-cb1f3ccd5807,Tanya Tate,mary38@example.org,1999536747,Marketing
b9534840-66ec-412b-9c77-3623df1f5046,Jamie Morales,madisonkelly@example.com,3910641106,Software
44b42c59-18c9-4902-939a-622f3b12e86c,Tracy Clayton,gadkins@example.com,4295608034,Management
12174de4-cc81-4ea5-8eec-7c399d9bc9e5,Christopher Fernandez,rstewart@example.net,169173724,Software
5d524783-8168-4bca-8c2b-e1394cc62368,Lori Lara,katherine88@example.net,5067282976,Management
2938668b-d22b-4a25-a67f-c146cd1abf0f,Brett Holland,hayespaul@example.net,8799295617,HR
8b6714a5-c10a-489d-9f9f-c6a8c729bfc3,Tammy Harris,bsmith@example.net,6424513892,Software
0691e53a-9b41-4483-bc37-1fed12e66867,David Park,gbaker@example.com,9457098956,Software
002b239f-8084-4038-ad35-58cbc46c0902,Alyssa Hayes,nelsonlynn@example.net,9039651047,Management
ffb22c06-54b0-4e40-8071-ee84c54539b2,Michael Carter,jonathandunn@example.com,9225440637,Software
7f4e132a-782d-4fad-8801-9a508799abef,Scott Huynh,baxterethan@example.org,8318400242,Software
40d6f771-9cbe-4e46-b7dc-93256d21433e,Michael Woodard,joshuawade@example.net,9028788030,Software
b1cb52c1-f824-4870-927d-61ad982f8334,Crystal Kennedy,john49@example.net,1885986181,Management
d56489cd-5dae-49ac-8e06-78f6e1015934,Cathy Gardner,xpeterson@example.com,5956236303,Management
3f6393c2-2307-4f8d-969c-b14421fe3050,Brian Henry,wilsonlisa@example.org,6745568224,Marketing
87b042ae-131b-464f-8885-4ff496985985,Wayne Barnes,mendezjessica@example.com,1840594980,Management
78cf79f9-1d54-4b50-b0ef-06bd9065f58b,Theresa White,vmccoy@example.org,1661581370,HR
1e1f5150-4aed-4628-b8f5-be08cd0e0299,Nicholas Lopez,ingramlisa@example.net,7765522465,HR
df217a79-59af-4033-af9a-5c11b9b9b330,Adam Jackson,carterblake@example.org,4874285293,HR
4c4c4a8e-1c34-4369-b68e-d54637996cf3,Virginia Mann,randy53@example.net,9148547550,HR
fd8cd933-d297-48cb-bde1-bf6bf3a4e684,Steven Patton,qthomas@example.net,378937472,Software
3baab668-e71b-42b3-8ba5-5eaff5d7b317,Beth Cherry,nataliestafford@example.org,4017243796,Software
70196132-2268-432f-b948-a3c8073dd468,Valerie Jones,nathanmartinez@example.com,1934420157,HR
f729d3f7-f453-4298-951f-f00f95d23327,Donna Dickerson,thinton@example.com,9212028738,Management
ba27f48f-584e-41d9-8567-4c0e05204743,Danielle Simmons,jamesjackson@example.org,1721370246,Management
a5575829-590c-4b50-8b73-4e6d33c39519,Joseph Jones,thompsonzachary@example.net,6547431690,HR
af90322b-2658-4c59-a94d-8fb23f7c198f,Jared Roth MD,scottgrant@example.net,1890587367,Software
d890d5ed-95c2-4293-babb-412669b2314e,Tricia Wall,wglenn@example.org,799409482,Software
b181eab2-37cf-48d3-893b-f3accce6dfbd,Gilbert Hodges,ileonard@example.com,9480441569,Software
9495b008-a0c9-43fb-abbe-42b049b0fdc5,Andrew Roberts,christopher25@example.com,5415772355,Software
83334430-fab0-4637-ba92-2eeac4d9c844,Jon Rivera,dunnchelsea@example.net,7367685051,Management
bd874c76-24d0-42e1-805d-67c14f0a2c84,Jessica Johnson,josephwells@example.org,8362586187,HR
2cf4276a-02fe-4c57-a1bf-c67c3159b03c,Joshua Cooper,zweeks@example.org,1951829607,Marketing
bf329200-c785-49f1-9a4d-638b17a96e16,David Davila,vanessa23@example.net,3451536802,Software
37dc9d2d-5fd1-4786-bc06-09cab389d259,Rebecca Patterson,amber16@example.com,8658560398,Marketing
531e3b9a-82f9-44a3-8eb9-8d5c807582cf,Barbara Bell,davidbennett@example.com,1686258335,Software
6d5e206e-7dcb-4c80-9741-bdef34b34cf4,Alicia Terry,xmacdonald@example.com,6166917630,Software
5638379b-205f-4e68-a5e9-90e882b53b3f,Michelle King,kochdaniel@example.net,275539843,HR
3de3f65e-7283-4f16-8724-4c9a036b69fe,Jamie Lucas,martinbrandon@example.org,613587159,Marketing
1341963f-fdeb-41a3-9bd1-3a33f8a049a0,Peter Powell,diazkelsey@example.com,6603181333,Marketing
7bbaeda5-e739-493c-99b0-ca6c104b8a91,Billy Mata,catherinehowell@example.com,8795040901,Management
7160b1fd-6ec6-41f6-a628-2a165ddf3bc5,Jessica Wells MD,jodipage@example.net,9164926835,Marketing
d7fc3266-ba1f-42a4-9425-a194c02c269f,Ann Martinez,alvarezkyle@example.net,6785709537,Management
b473632a-18cf-4d5a-8e67-d4f506fb9bf0,Kristina Barrera,mark59@example.net,9079255269,Software
7d9a5398-d566-4942-9dd8-1a17a6e41e68,Brandy Jenkins,tthomas@example.com,6068079330,Marketing
3b75e9ac-ce8f-4667-9749-ee917473d049,Jonathan Johnson,william47@example.org,5592906714,HR
918768a0-7317-42f5-9858-22c7ef00faee,Amy Thompson,brittneydavis@example.com,4284248645,Management
62aab8c3-efaa-4f98-bff1-a29fad5a8a20,Mrs. Jessica Rodriguez,darryl12@example.net,7190293324,Software
ddafca0e-18cc-410f-b502-9c3f98d86e04,Danielle Cervantes,djohnson@example.org,6203875018,Marketing
9d687973-4979-47d3-b083-152dac3c90ef,Kent Lopez,emilyrhodes@example.net,6747185589,Software
a9d20fb5-0ed8-43f7-97e7-65fe3d25060b,Kayla Johnson,smercado@example.net,6006042758,Software
8bf19722-918f-4003-a4da-2fd30ae7a02d,Michael Ho,brandonramirez@example.net,7731985848,Marketing
c6c9b9b8-d4bd-460e-8338-ac34c06291f9,Raymond Cole,alexis32@example.net,8335409871,HR
650de2e0-5c3d-4d88-9cb8-06027603897a,Mr. Alexander Mahoney DDS,julia49@example.org,1304093687,Software
ef085d89-e913-426d-b68d-b3b19273bc9a,Dave Howe,alvarezchristian@example.org,4490226086,Marketing
34c57a06-7dad-43d4-9eb0-9aec0952eb4c,Sharon English,rhernandez@example.org,1039121619,Software
64817318-21d9-419f-b9b0-b841876dd129,Danielle Mcknight,dakota72@example.org,5102969267,Management
7a55d9cc-9f86-4554-9970-a499bfb0816d,Richard Pittman,mcintoshsarah@example.org,3219969821,Management
da0c1ab5-5158-49ac-aa72-3fd9c2bcc53a,Francis Neal,mooneyjames@example.org,5781157783,Marketing
c0917879-2617-4e6e-bdbb-9067c84b00d5,Sandra Meyer,linda04@example.com,2385656165,Marketing
c7d04799-2617-437f-a049-0620f32047a9,Robert Davis,tbrown@example.net,3978510193,Software
a98f9fa1-3ed2-4382-859f-efeae1fd4380,Carla Cruz MD,tiffanycox@example.org,5642142150,Management
738ea993-4aaa-4691-a117-61c0dea53b10,Robert Freeman,bennettsean@example.org,2093163273,Software
7ba7f096-69c0-4ce4-96b1-3801f95e5679,John Harris,rhondasutton@example.com,916884038,Software
1f4cb645-d07c-4acf-bbda-43ac8acb7974,Michael Stewart,curtisdavid@example.org,351505725,Management
81bef2db-3dc9-43d9-8c61-9a812d8ba63f,Catherine Stewart,hthomas@example.net,4022472500,HR
74ca4051-e654-44a1-8ef1-4b872723e98a,Kelly Lamb,bobbyreyes@example.org,8512773851,Marketing
8b944908-5119-42a5-ba38-6687d399bc8f,Alyssa Larson,hmann@example.org,6916127191,Software
376a1509-fba0-4b02-ac36-918efae125fb,Bradley Thomas,chriswhite@example.net,6367430756,Software
e424e161-2658-4e82-89d1-e934c44ec1db,Beth Cortez,karla11@example.net,6992577418,HR
a06637eb-59a5-449c-b754-27a6406c3f01,Dale Robinson,fevans@example.org,6477981813,Marketing
87d39cf2-eb59-402d-bd37-ac741b1db2bb,Karen Brown,rsilva@example.org,3348237573,Marketing
467d2f3d-a455-4e9a-a18a-e75187f81b67,Stacy Peters,christinehurley@example.org,8071587038,HR
47cbe340-b343-45b7-a5b3-4576459098ca,Melissa Franklin,leahlewis@example.com,9148012462,HR
66dfe20b-6778-4314-822f-40ca50e9b0fa,Ashley Berry,barrerabobby@example.net,7117527513,Marketing
28162403-a73c-4ec3-a8c8-6bb430e36a82,Matthew Roberts,angellutz@example.org,5489691519,Marketing
50907036-5853-4ea7-b706-be096b380331,James Edwards,munozsusan@example.net,2478025344,HR
30a7e247-305f-4870-aca5-349c2657d260,Alexandra Cruz,angelacoleman@example.org,9138809579,HR
cc16c851-5f2a-4383-808b-ece65e66142b,Julie Woods,laura71@example.net,1263174015,Software
6fd809ee-a970-4237-aa45-891d49a4a357,Jessica Bryant DDS,andrewbauer@example.net,8922718384,Management
11432bf0-7b49-4b71-b001-62fbac96bcf7,Charles Wilson,tiffany11@example.com,7226526949,HR
90851e37-28e1-4748-8717-0f73d724a50c,Edward Davis,johnsonpamela@example.net,8055384751,Marketing
d0ffe4fa-07c0-4900-946f-b2eca5b93d56,Ryan Taylor,bhall@example.org,7862376695,Software
d51361f2-8508-4109-ac82-7f116e287b19,Robert Jones,lisa92@example.net,3060126870,Marketing
9edb81a9-e1a2-406b-8502-49eb4dd780ee,Elizabeth Hardin DDS,adam04@example.com,2152655457,HR
e81b0796-22a4-44bb-ac6b-ccdd0c564487,Brendan Rogers,kimberlyparker@example.com,1066774497,Marketing
fcb868d6-b116-4617-998c-d0ffbe17f65e,Michael Dixon,thompsonkimberly@example.com,4309111965,Management
cf066fdb-c9c7-481c-bce3-0359d4225f39,Marcus Munoz,karenmorales@example.net,1722759239,Marketing
93f8eae1-76df-4559-bbe0-8401adff37e6,Renee Barajas,michellehines@example.com,1142940839,Management
42391f13-cf30-4993-8dfe-e3c8957c92d6,Katrina Hunter,garysnyder@example.net,8878380506,Software
ed994ff9-a63f-4922-aec2-0e3a8f3a8fd5,Mr. Sean Melendez,johnmiller@example.com,6386349688,Management
d79916a0-2aaa-4bd5-96fb-57dcf2aed91f,Amy Vaughn,hillnicole@example.org,1382590484,Software
4b3efdf0-3705-40d3-b8de-50d8718f512e,Cynthia Marshall,williamsmelissa@example.com,4301662272,Management
2707174c-7613-4474-9e56-057e05308b23,Robert Obrien,christine73@example.org,4728101100,Management
4abfa593-c390-49bf-a114-38501d15ab22,Jeffrey Armstrong,kaiserjames@example.com,4529429113,Software
65e75bf7-a139-4f47-82a2-ce25c773dc76,Brian Wright,narias@example.org,7198933718,Marketing
a219e3f1-c978-4e3c-8ce5-0c19acd48940,Kimberly Estrada,bethany18@example.net,2002301886,Marketing
b3a8a141-e20a-4215-9d1e-76c5654000fb,Bradley Fleming,charles47@example.com,9035791551,Software
35ffef3e-92ff-44fd-8102-e6c78619dd59,Randy Anderson,irivera@example.net,5860048717,Software
cca11639-3aef-49d2-970a-63cf5bed5c3e,Kenneth Delgado,grantkelly@example.org,8075563329,HR
1d49f36d-320c-4529-a20a-4ca693950e20,Claudia Garcia,jimmy23@example.net,9150509924,HR
87415bef-ce7f-463a-a604-df9193d7b4e9,Amber Benson,codyowens@example.org,3421814430,Marketing
417f4f05-8f36-4616-8083-f08f02b12a30,Mr. David Schwartz MD,olivia18@example.com,4592259283,Software
4456c0d6-cd34-45e7-9b7b-0d8b56b13e10,Lisa Greer,bmiller@example.net,2105024936,Marketing
6b4987cc-9ff2-4063-83f8-bb5def68d3a5,Sandra Stone,meyertodd@example.net,6630347034,Management
02adc71e-4233-4dea-b019-a13304ffb983,Ernest Jimenez,mercadocindy@example.org,4548121882,Marketing
088257a3-7da4-4324-8b6e-3ed75df37b37,Russell Dominguez,lisa00@example.net,2250984598,Management
a51d3ef9-5946-4f28-a81a-b69bde02e3aa,Jennifer Davis,mmurphy@example.org,5721277768,Software
be672d56-30a4-44c2-ae6e-7a97597317f9,Lisa Washington,johnvillarreal@example.net,5058146415,Software
c5d5ee13-63f0-483e-a870-bee082588e7b,Elizabeth Byrd,travis19@example.net,3052524728,Marketing
14ee8a88-3833-41e9-bf11-05404bccf861,Jason Anderson,joshua30@example.net,6897035080,Marketing
6e536005-f990-485c-bc2f-08bc0f610564,Kenneth Beck,bakermelissa@example.net,7634410695,HR
5dc8d8c3-8cbc-49e3-bba6-ce62e3f178c7,Austin Velasquez,brian73@example.com,1841524156,Software
a1355a46-571e-44bd-8531-b78f17c33f63,Kelly Floyd,gary95@example.org,3070946800,Management
4240020d-004c-4651-b033-e86093a943d9,Katie Campbell,michael62@example.com,8688565560,Software
77affe1f-b3d5-458a-8ebe-2a08bb624b19,Jennifer Mack,ttucker@example.org,3699199467,Software
e54ee248-cf52-4d0c-bbf8-02cee7f90215,Yolanda Cameron,daygregory@example.net,3952091296,Management
6a70a36a-658c-413c-9b7a-09c14b7c70d5,Anthony Herring,wblanchard@example.com,7388411588,HR
3ef47bdc-ae18-46fa-93ef-f8b8fc007370,Paula Bruce,fhernandez@example.net,6705077697,HR
0b7649e9-8e14-4c38-954e-da70a23b75f8,Sarah Munoz,kklein@example.org,7944510331,HR
5757a070-f49c-4450-841c-bcb73b57344e,Maria Ortiz,palmerjonathan@example.com,7867532109,Management
2b019e97-0443-467e-8e9e-863e8d556e4d,William Jenkins,taylormiller@example.org,1922813465,Marketing
14c262a7-aaf9-40af-a180-6115372c0e5d,Sandra Lane,parkeramber@example.org,2633489556,HR
31fa211d-0226-49c9-a68a-27370be47246,Kimberly Haynes,mitchelldawn@example.org,3801048053,Management
8582edc4-5c02-4a86-9e64-716a0ad7ba0e,Mrs. Cynthia Gray,nmoody@example.com,1446572315,Management
7e0bfbc5-4369-4a9e-9ad5-613e6d7ebc2d,Jessica Harris,ymatthews@example.net,1758786307,Management
e9b851f2-c8c9-4808-8240-34d6dfd0048e,Victoria Mitchell,acevedorachel@example.org,9791417220,Marketing
8c34eba2-796e-4979-aeb5-bfaf5de9437b,Dr. Mary Walker,lbenson@example.com,9845594043,Marketing
dd67cb64-b219-4135-a269-6e5e4eab5425,Sonia Henderson,lopezgary@example.org,7126338422,HR
be5cbc69-94d1-4d39-8b7e-78c09613fab3,Sherri Guerra,henry69@example.net,6106795705,Software
226f66ec-8258-4dbb-9f55-070749d0b22b,Timothy Berger,ydougherty@example.org,4914590774,Marketing
11891d3f-8334-4458-ac8c-c0e1ad4fa821,Carlos Rivera,lblackwell@example.com,8162542496,Management
5185d067-834f-4fc7-9550-823b5e672e2e,Ashlee Baker,garypacheco@example.net,1953870774,Marketing
a7d07d76-46cf-4162-9701-e252fac95193,Katherine Parrish,allisonmorgan@example.com,943775871,HR
87cacca2-3fa1-444f-b21f-2b481c5fed51,Lindsay Greer,castrotiffany@example.org,5897274954,Software
29fa11d1-af71-4026-9408-52d700c92b24,Steven Wallace,francesholland@example.com,1460642855,Marketing
a68f8d73-7c3c-488e-86e0-44fc98d0da5c,Kelsey Vazquez,jeffrey32@example.com,4044400515,Management
6b84ab46-af36-4f5f-8e71-a5fafd56a727,Gabriella Ward,bhughes@example.net,7066263474,Management
fa804a2c-5458-4f5a-a2c4-650089b8e6c9,Michael Hoover,deleonkristin@example.com,5710277736,Marketing
08b22fde-5938-41d0-adbe-d63059634d3e,Jasmine Stewart,kimberly25@example.org,7893829247,HR
db5f8664-40d8-46a7-a824-cf5668e83b57,Michael Smith,smithdana@example.org,6358527361,Management
14938d42-b250-4635-8a4c-7609d78abf47,Jeffrey Warren,joshuaterrell@example.com,6968191657,Marketing
6a891ee7-961d-43e7-9486-14e8383d0ee3,Christian Walter,pmerritt@example.net,4498012767,HR
e9771d6a-2127-4a67-81ab-46384c06e8ca,Darryl Brewer,danbradshaw@example.net,4671239092,Software
fe387fa8-85ef-496c-9d87-e33b1dd6654b,Brenda Reed,zramirez@example.com,3795795835,HR
10743886-530f-411f-a06f-40edb404d6b6,Patrick Coleman,jeanhendrix@example.com,5866837831,Management
db8a1c63-0fc4-4b19-8bf7-54535269a0e3,Katie Johnston,fjones@example.org,6281171773,Marketing
f2e383e2-912c-48c3-84dc-4a564e36e40a,Brian Wiggins,verickson@example.com,6876518780,HR
e1b562cb-0af8-4b52-8662-fb8b80341e4f,Emily Lee,gonzalezcraig@example.net,8669194007,Software
e66e4925-1b92-4351-bcc5-a98c9faa1a2b,Robert Mclean,howardtimothy@example.com,5013715141,HR
78a9a98e-5d92-491a-93cd-ac311b156dbc,Lindsey Knox,amber63@example.net,6556430677,Management
de91dbf2-a894-493b-8ee4-60959701d0d6,Donald Moreno,kelly50@example.com,8138343333,Software
b1e556c2-a12b-42be-8a76-63dafece2070,James Chung,jessica51@example.com,7715327438,Software
fff71b0d-304b-4115-a561-f961c5603c8a,Jennifer Walker,melissa66@example.net,2721173383,Software
f435b2e7-66d7-480a-b588-f2bd8050bce1,Heidi Martin,reginaldmurray@example.org,5020848388,HR
c491da1e-239b-4972-b264-1db488137631,Ricardo Stanton,thicks@example.org,9380432290,Marketing
fc7c3d95-44b6-4f91-9bbe-4e2ddac68a51,Denise Hall,jeremiah92@example.org,9878190840,HR
98c122e0-925c-42f7-97a3-34b08ca65142,Andrew Smith,lisamolina@example.org,7676044831,HR
1c87292a-ace5-4e53-9842-02a7ff061b66,Laura Donovan,whiteerik@example.org,3969953670,Marketing
6926b828-4a49-48fb-8b92-812cd345d761,John Mccoy,robert42@example.com,5885223875,HR
653d25cc-f6c4-47d9-897e-f603074520d3,Ian Daniel,shane80@example.com,3636039500,Management
bd80ee35-aa32-46bb-ba53-ed4d0da0bf01,Nancy Craig,vsmith@example.com,8398446522,Marketing
0035adc8-fb2c-4c1b-b328-2f75f3cf38f4,Derrick Aguilar,brewerjohn@example.com,9183336377,Software
b03f443d-1c32-4619-b79e-353ed02d0e8a,Dawn Wright,gregory26@example.com,8294765463,HR
8022d680-cece-4e0f-818a-d3160cae373a,Kelly Walker,ymorales@example.net,8188704625,Software
2a170549-18ce-4d3e-800a-d15c6bbe70af,Ernest White,robertdavis@example.net,7881712240,Software
f1443298-96ac-4022-b63b-119db43c7db0,Francisco Barrera,martinezandrew@example.org,446356626,HR
d7fb60c6-eef5-450c-b7bd-64b06d978ef3,Rebecca Taylor,smithjeffery@example.net,5400125773,Marketing
1e2d115a-4fc3-4db3-9bb8-d44a9941b28d,Brian Pena,kjohnson@example.org,8218935860,Marketing
7e570f61-f029-49f8-9501-df0733c4da29,Brittany Nelson,samuel18@example.net,1871942993,Software
a01e6039-f821-40f7-be47-2b71c4cbee7b,Nina Conner,carlos42@example.org,9064907341,HR
516ce746-a808-45af-a20c-f81bbd51e9e7,Alicia Delgado,franciscorogers@example.net,5759618819,Marketing
0f072d51-7eb3-4974-a6f1-eb5e07c8392d,Stephen Tran,andersonthomas@example.org,4625984025,Marketing
f074d9c7-6e1f-4391-b5fa-da118d8b871b,Chelsea Cook,angeladuncan@example.net,8162002562,Management
72d2d71f-c8d4-492e-9364-24329c9c2363,Joe King,ocollins@example.org,1321074496,Marketing
6e62a70f-eb3d-477f-b846-9cc2220874d4,Jose Lewis,oburton@example.com,5524987396,Software
3de95319-ada5-4030-a8e0-7ee83be230df,Scott Wright,vchapman@example.org,9805899339,Marketing
9392d927-06b2-47a5-926f-0fdc72815c74,Robert Robinson,dtaylor@example.net,1663963232,Marketing
3e3e5d93-82f6-4e9b-a1f6-929df2b922bf,Jennifer Mcgrath,lodom@example.org,3358999140,Software
67a8a096-dc97-4e74-8856-a36f922e7ceb,Dr. Clayton Gardner,patrickbaker@example.net,5404992400,Management
5d4b0bf3-255e-40e8-87ef-56b13c808c6c,Donna Alexander,tranvanessa@example.net,4732602314,Management
86389f25-1da4-464b-8bc8-027eecd0a271,Jeffrey Nash,ywalters@example.net,3896238750,HR
4537520a-bd61-456e-b91d-39800042aff9,Derek Johnson,andersonchristopher@example.com,8619129271,Management
1fdbf962-a540-4f5b-9ff2-de796d6b19dc,Pamela Wong,millerroger@example.org,6688448779,Marketing
ac21ea14-3df4-45c2-84a3-5b4b4cd4d9dd,Patricia Jackson,briana01@example.com,1424080279,Software
0eec787f-d1ec-46d9-a2d1-053cd19a899b,Sean Thomas,janetlozano@example.net,1949975550,Marketing
7b6de647-7aa6-4176-b5a6-c1bc09ddfcd0,Juan Gross,mcdonaldluke@example.com,4846225543,Software
5aec9329-d22b-4186-8d5d-7a95835fdcf0,Audrey Harper,caitlin59@example.com,2802383678,Marketing
1a0a52d7-9b6f-404e-8bff-4e7e8568ead2,Sara Francis,rachel34@example.com,5128350864,Management
33bdc47a-f153-4c56-a3ac-4af9163365ee,Tonya Martin,randywright@example.com,2609900742,Software
ea4bbd3a-098f-4f75-a627-9cc026b7c73b,Terri Patterson,carrie88@example.net,8771366074,Marketing
8b6a3e7e-163e-4ca8-9642-70f7438073e8,Brittany Torres,jacksonalexa@example.org,9155819146,HR
73e1b09e-337a-4047-bbdc-8d171774fffd,Kristy Cooper,mcintoshadam@example.net,9315859635,Marketing
b74fae01-239f-4825-93b0-721bdf458102,Jessica Goodman,kleinbryan@example.org,6550259560,HR
1e9ce3e4-26e5-4560-a575-a7506cc4c5f0,Shelly Schmidt,suesimmons@example.com,2105377454,Marketing
c719aac5-9a09-400e-8172-0482f46a8c85,Thomas Harris,cmartinez@example.net,4448642507,Marketing
268b7680-0dd5-4711-b4ec-cd2d668edca5,Michelle Miranda,fbarr@example.com,9534077177,Software
51a08015-feab-4325-8678-ef8b2567a174,Michael Martinez DDS,joshuaperry@example.net,2759355326,Marketing
276551d5-d656-4df1-a3a2-1cf023f67fb5,Erika Henderson,petersonerica@example.org,7454139841,Marketing
e1e4a6be-2444-4398-82d6-5f36cf78b955,Johnathan Russo,maria83@example.com,3321296456,HR
b8a650de-395c-4bff-a731-90dff84e9746,Jill Jones,charles58@example.com,2407870417,HR
2cd0e862-ab8c-4fb5-9691-16a8c7a113ae,Todd Roberson,aaronoliver@example.com,5261144848,HR
23d35079-9437-4d17-bb12-a57a125a617d,Mary Richard,hcrawford@example.org,4289051051,Marketing
be534c17-eec8-42b9-9d90-d439af30052f,Maria Jones,uwashington@example.net,5176424422,Marketing
1bf0d4f6-e27a-4436-81ea-fcd3f261c35d,Thomas Gallagher,awalter@example.org,7071054935,Marketing
e3a3bbd0-a018-48b5-b90e-30487e77ddac,Michele Pratt,jeffrey37@example.net,6256923969,Management
c3bd9073-c066-44b1-82f6-f4f519dbf50a,Nathan Melton,matthew06@example.com,8966404358,HR
323bece9-1487-4f59-9c19-b97a8ead4c69,Sarah Garza,klee@example.org,3548108152,Management
bca44221-21dc-4269-b348-32073265dae9,Brian Gutierrez,vpena@example.org,4200283345,HR
bc960eff-c8ea-4b77-a0de-fc1fa5b92cb0,Tammy Schmitt,qroberts@example.org,4730145697,HR
20b81bee-c25d-4e95-b949-e476ac371ab8,Patty Mcmahon,hickspatricia@example.org,1936914206,Marketing
76874cee-5383-41c9-beca-f235c2c1a0e4,Rhonda Hancock,mccoyjill@example.org,810700987,HR
9a088f3b-835c-43c1-8788-7439c645aaef,Lisa Smith,wagnermary@example.com,1909977718,HR
8c912bc2-8247-4ff6-b17a-5f1f10b0433b,Matthew Carlson,martinherrera@example.net,9854135443,Software
3e313ac2-ef75-420c-b3a4-1f5ff65c2d88,Kelly Carroll,briandiaz@example.org,2656964395,Management
c8669f68-f696-4e8a-9b0c-33fe988d520f,Emily Martinez,williscassandra@example.org,3555148362,Management
848fb3f5-4165-4dc2-86d2-eedac0cd08fc,Victoria Valdez,timothynovak@example.net,1412868493,Software
3d8fff9a-7ed1-44d7-9d84-4e5e7a33b2bc,Linda Dillon,simskeith@example.net,931721758,Software
a3bcdd1b-e4d7-4a03-a407-8cc489bb1c3d,Dr. David Strong,brownkimberly@example.net,2243056686,Software
dee5505b-b48d-4203-a8b9-aed445215251,Heather Robinson,ricardo14@example.com,8077203281,Software
8de0840e-39d3-4393-8d3f-9fefdeb1be49,Kayla Munoz,kevin03@example.net,2934322384,Software
b6304c98-26ef-47c5-8fa7-771a40d780d3,Francisco Dillon,amber15@example.org,4880784636,Marketing
730408e3-b559-4199-a1c8-954a941a2b77,Eric Willis,mercerdavid@example.org,4664144194,HR
b6979803-81c9-4338-8460-8c097f447ac8,Ashley Foster DDS,cynthia98@example.com,3287252632,Software
afa60af4-d5f7-4055-95ef-ff52b256cbc6,Sara Robinson,amiller@example.com,5645103735,Marketing
b710ad5a-2ed2-4ebb-a08a-99e9f80d5b00,Jessica George,regina96@example.com,7772481531,HR
bb87d926-5e1f-4003-989b-d3c573e0d44f,Omar Gonzalez,joseph67@example.com,7997152544,Software
3a99c4df-222e-4a82-b901-4a25abde23c7,Misty Barrett,icowan@example.net,6538682830,HR
400c7b1a-308e-4967-bd38-24c1d2005621,Colleen Richardson,ophillips@example.com,6481869827,Software
bb73859e-a130-48ae-a54b-b121b212b012,Hannah Church,jthomas@example.com,2768464919,Software
f4280044-794d-4cea-b3c6-a22f1650fa0f,Emily Mccormick,johnsonkelly@example.org,6187530304,HR
f5aab7e4-db3f-4032-b248-c343d75011c8,Christina Carey,williamvalenzuela@example.com,6534655874,Software
55999980-5f4d-4755-b421-faa12f3557c4,Tonya Schultz,mary50@example.net,8437090556,Marketing
6202ebe0-0744-49f1-a757-7bfd68143641,Karen Powell,lcole@example.com,3503631420,Marketing
1ebf7551-91e7-449d-9061-87ca3bf513d7,Patrick Duarte,hboyle@example.com,6147537533,Marketing
76dcbad6-5ea5-42e9-a756-ee470c62f5f1,Lorraine Gray,eknight@example.com,5741561899,Software
32c304ad-d383-404a-bf86-a740ab2f7234,Kevin Olson,caldwelldiana@example.com,2183472975,Marketing
2ad8074f-4e0b-4e9f-957c-d335f50af68f,Justin Long,browningpaul@example.net,8706857316,Software
ae9d201f-3278-41f8-aa17-3c64d2a67ef5,Amy Schmidt,andreallen@example.org,999513217,Software
a0947045-0201-4577-a183-a21dd34b4182,Hannah Gallegos,hernandezmegan@example.net,6005526404,HR
57c06101-c36c-454f-bd27-4b875f43a9d1,Dr. Ashley Cannon,katiehenry@example.com,2796268192,Marketing
cea0552d-4f4b-4383-bfb5-e6fcce9b572b,Dr. Krista Sanchez MD,timothypatel@example.org,9888972759,Management
b0cc7145-c356-4ec7-ba11-bd25521a3bad,Phillip Dominguez,richard37@example.org,5348232755,Software
685d1ac3-e196-4b71-b0d6-48271eeec018,Christopher Phillips,ksanchez@example.net,3337840354,Management
7c9bd812-de3c-4ae2-b616-f9be60028f9b,Laurie Lee,elizabethrodriguez@example.com,9293380810,Marketing
9c8d7178-d6b8-4f90-b04d-5b1bd08d0eea,Tiffany Faulkner,jennifer76@example.com,7727702748,HR
3a456f62-bd66-4679-b358-587b4402f38a,Misty Morris,johnbryant@example.net,8779064094,Software
bb503c8d-2587-43a0-a672-688b9e473dd9,Eric Yates,phillip47@example.org,4172835007,Software
8902994e-673e-4f85-ba2b-150ecd3193da,Michael Lopez,ygrimes@example.com,1484359826,Management
58d49ff0-0cd6-4245-89f3-f566bd389e03,Ruben Bradley DDS,devinsoto@example.com,515003634,HR
0d871fa0-96b9-4806-8b0e-3715a0a4b76a,Nicole Johnson,deanna91@example.net,353519513,Software
f56651ab-a657-49d1-83e0-832c2052af85,Susan Hart,brandonvaughn@example.com,1165400008,HR
9ba521c3-7ccc-4b72-a2da-9bd3e29b9f89,Jo Garcia,monique65@example.org,7068920034,Management
48d61543-a4c9-4bfa-b7de-eb0ecee091a3,Kara Wheeler,deanabigail@example.org,7135910132,Management
5984a7d8-f8e2-4d9d-9c88-36fbe65303fa,Stephanie Juarez,wardbradley@example.com,5594137303,Marketing
1510884c-7bcc-478c-aaab-ea83a8de029a,Scott Murray,lwilliams@example.net,322177181,Management
4dcc53c2-2b44-42b5-a76f-dc089e524724,David Moreno,ohughes@example.net,7927355257,Marketing
712b99f2-58d7-43db-ab45-b5145fa2a5ed,Nancy Johnson,amandabryan@example.net,8500874583,Software
084b56d6-b463-4a44-b121-027fb4f48451,Alexis Nelson,hoganstephen@example.net,8241029081,HR
e275efe0-20d2-48b2-bd20-cdcfc12ffac1,Evan Jackson,kwelch@example.com,9212076830,HR
c3d62ab1-ec44-4961-bdd3-fbef8c6ea5c5,Jose Maxwell,andrewthomas@example.org,5292816337,Software
918784b0-faef-4a91-bf8c-a226afd1e27d,Jeffrey Williams,thompsonkevin@example.org,6827611472,Management
0328cd34-86e4-493b-b160-2b70e3f5db9c,Gregory Martinez,rmckinney@example.com,8695665970,HR
32f50fd7-0fd7-468b-bcda-5a06fb45d51e,Lori Gonzales,jason10@example.org,8492442820,Software
90db4498-a7ca-4d37-aaae-342a7179adde,Sean Johnson,hudsondonald@example.net,8564188429,HR
7e013bbe-60de-4538-92a6-ac801faa6feb,Amanda Elliott,kennethwilliams@example.com,6035037384,HR
d383c265-a1b9-42e6-9345-e8fa25123ed1,Bonnie Pennington,martinkathy@example.com,5606744037,Software
f3cdd96d-880d-400d-8423-ba25bf3fc603,Lauren Martin,pmendoza@example.com,4589952898,HR
cd9126cd-b83c-4428-b633-ce02b3b28ed0,Sara Gonzales,bryanmiller@example.com,7262261276,Marketing
0c5b18c1-8b5a-40fa-a155-7f6678f3a50d,Jacob Daniels,millercameron@example.com,2429910290,HR
59a59d51-1f77-4512-8ace-da1f47ccbd70,Virginia Meyer,angelaharris@example.com,5652568304,Software
ff3a80ab-4319-460f-b3bd-2aa27f60b4dc,Jill Wilson,carterjuan@example.net,6791023406,HR
6b60bb8e-4ae1-42d9-9fa2-40ccc9f6c171,Kenneth Scott,keithmisty@example.com,2742470849,Marketing
b3afe9a9-780e-42df-a14d-f98bae3aa312,Rebecca Martin,thompsonjessica@example.net,5484843534,Management
18168064-3b4d-4103-954a-4b691b392f9f,Ethan George,morenomichael@example.org,491062182,HR
0df698b8-7bb4-4726-bb43-0a1c16730d58,Kim Alvarez,tali@example.net,5198337474,HR
a6f1d1f3-bf02-49eb-9a58-518cfd52f219,Richard Sanders,abrennan@example.net,5237169049,Marketing
e08fa155-feb4-4b16-b90d-d2696d134f5d,Danielle Guerrero,escobardenise@example.net,9922895336,HR
bae862e5-0658-4b0e-b9c9-8b030eeb7c06,Stacy Johnson,zrivera@example.com,7383591838,Marketing
0d2422f3-5c26-4f62-b569-037238a00897,Andrew Mccormick,tmorrison@example.com,6174929708,Management
6a0e87f7-bb55-4813-8c42-fdb2bde56d5d,Karen Holloway,wyu@example.net,2884058234,Software
cccf6dfd-bb0a-47ad-ba31-4f14b6420b09,Mr. Jeffrey Anderson Jr.,wbarnes@example.com,9644309174,Software
56da07b8-b87e-41b8-bb51-1c2cbebdbb8e,Scott Ewing,burtonlindsay@example.com,9730943190,Management
162d9672-de9c-4a26-8d8a-9168389d4b5d,Lisa Greer,jennifer60@example.org,4989149470,Management
cddb3aef-6011-40e0-ae81-1b4cd1188e2c,Sarah Savage,johnsonbruce@example.org,939438929,Management
2466bf4f-c56d-43f4-b31b-e326751f8827,Felicia Kelley,wmiller@example.org,7272662741,Software
cefd5ed3-8b89-43d8-9628-766eaa145797,Melinda Hall,hodgegeorge@example.net,9681628974,Marketing
269bb935-0f91-49a1-8e4e-54b0b66a91ec,Eileen Kim,harrisdavid@example.org,8047853786,Marketing
d424de03-d4ea-44ac-8674-c44c82779d81,Douglas Miller,mphillips@example.net,4250081099,Marketing
92007f9d-0a33-4dbb-bb89-8b860a61abda,Tammy Alvarez,ethomas@example.net,9791484359,Management
a47e0202-4700-4220-a728-250889ab3ce3,Jason Johnson,erinward@example.org,7516557933,Marketing
a7741306-e50c-468c-8783-3e981254ddf2,Teresa Anderson,benjaminhansen@example.net,1993921664,Marketing
5d4d7bb1-cd6d-4636-8a6a-45d470911893,Christopher Thomas,qwright@example.com,309903346,HR
afe69a02-0f6d-449c-9040-aee6f65611a0,Maria Lane,gerald85@example.org,2923818953,Software
47ad060d-3732-413e-9433-144214964340,Alyssa Butler,swilson@example.org,778840686,Software
a255cf41-031c-4116-8636-e5215ddd3727,Crystal Huang,haneymichael@example.org,1311880799,Management
764067cc-6128-4a67-8197-0ac56aae793d,Michael Roman,williamsbrett@example.org,5384324680,Marketing
e471f694-0420-478c-b432-4c5961f58e22,Timothy Ramirez,lzavala@example.com,687300517,Software
c3fde2f5-34e5-48eb-971f-803f8d636578,Ashley Mann,jasonrodriguez@example.org,9346110417,Software
18d6e315-de0d-48e9-9b21-1c689359fa88,Charles Fletcher,gmartinez@example.net,2152555852,HR
7e4951c0-bfe0-42a5-95fb-f6c8e3800ec2,Sarah Aguirre,gonzalezlisa@example.net,5177789837,Marketing
ae4dd057-5d5c-4296-8725-7c7a1aa8384f,Ashley Saunders,hollywang@example.org,417057311,Software
65f4574b-b928-40f6-81ae-b8eca88a702c,Marilyn Taylor,aaronfrench@example.org,5278594964,Management
b02ee8b9-9a6b-4ff9-9910-22502f4ee8d7,Brooke Hawkins,rwallace@example.net,8461021165,Software
ba07043e-d1a7-46fd-a9bd-4e735b09d6f5,Thomas Welch,bradleyevan@example.net,6196282339,HR
84b05443-6c1d-4e0d-8c6d-78cc33660409,Paula Stewart,barbarastevenson@example.org,4963589108,Software
237e3bff-3ea2-4153-b278-1c732ed581f9,John Combs PhD,cgray@example.org,4576712764,Software
df86d37a-038b-4f47-9231-20c657c26438,Anna Owens,elizabethobrien@example.net,1235902904,Management
ae19b04e-33a1-4d5b-909f-511ffd59c9c4,Sarah Smith,fdyer@example.net,2982448727,Marketing
b8a56d32-5688-41af-9483-fa0fe03a5f3e,Natalie Hinton,andrearussell@example.com,3504178611,Marketing
ed4237b4-9353-4a6c-ae0e-9e37581fb22b,Kevin Horn,diazsean@example.com,5247834714,Software
747658a9-93b8-499c-b33d-266cc712297a,Alyssa Wood,brhodes@example.net,5317453801,Marketing
18bdcb86-1fea-4415-91af-6466ce4ce6f3,Alexandra Baker,zwolfe@example.org,5726667728,Management
